shape_id,shape_pt_lat,shape_pt_lon,shape_pt_sequence
1,-34.585140,-58.369997,1
1,-34.585507,-58.370312,2
1,-34.585712,-58.370490,3
1,-34.586398,-58.371068,4
1,-34.586460,-58.371122,5
1,-34.587213,-58.371755,6
1,-34.587320,-58.371992,7
1,-34.587792,-58.371860,8
1,-34.588115,-58.371772,9
1,-34.588163,-58.371790,10
1,-34.588207,-58.371810,11
1,-34.588250,-58.371832,12
1,-34.588268,-58.371845,13
1,-34.588338,-58.371905,14
1,-34.588492,-58.371938,15
1,-34.588615,-58.372032,16
1,-34.588950,-58.372307,17
1,-34.589042,-58.372383,18
1,-34.589247,-58.372557,19
1,-34.590120,-58.373240,20
1,-34.590952,-58.373883,21
1,-34.591122,-58.373938,22
1,-34.591252,-58.374045,23
1,-34.592517,-58.375100,24
1,-34.592762,-58.375273,25
1,-34.593067,-58.374723,26
1,-34.593630,-58.373900,27
1,-34.593687,-58.373805,28
1,-34.594062,-58.373435,29
1,-34.594340,-58.373247,30
1,-34.594472,-58.373172,31
1,-34.594692,-58.373052,32
1,-34.594895,-58.372947,33
1,-34.596052,-58.372392,34
1,-34.596142,-58.372352,35
1,-34.596538,-58.372155,36
1,-34.596932,-58.371987,37
1,-34.597160,-58.371853,38
1,-34.597232,-58.371807,39
1,-34.598020,-58.371385,40
1,-34.598265,-58.371242,41
1,-34.598393,-58.371190,42
1,-34.598520,-58.371132,43
1,-34.599590,-58.370847,44
1,-34.600665,-58.370593,45
1,-34.600722,-58.370570,46
1,-34.600818,-58.370530,47
1,-34.601420,-58.370455,48
1,-34.601940,-58.370390,49
1,-34.602902,-58.370285,50
1,-34.603028,-58.370290,51
1,-34.603145,-58.370305,52
1,-34.604265,-58.370217,53
1,-34.604395,-58.370232,54
1,-34.605262,-58.370148,55
1,-34.605325,-58.370210,56
1,-34.605340,-58.370240,57
1,-34.605367,-58.370237,58
1,-34.606262,-58.370235,59
1,-34.606470,-58.370230,60
1,-34.606547,-58.370227,61
1,-34.607107,-58.370280,62
1,-34.607258,-58.370420,63
1,-34.607402,-58.370728,64
1,-34.607598,-58.370940,65
1,-34.607855,-58.371240,66
1,-34.607882,-58.371627,67
1,-34.607920,-58.372163,68
1,-34.607963,-58.373515,69
1,-34.608477,-58.373473,70
1,-34.608600,-58.374943,71
1,-34.608705,-58.376407,72
1,-34.608780,-58.377318,73
1,-34.608790,-58.377797,74
1,-34.608885,-58.379180,75
1,-34.608920,-58.379627,76
1,-34.609002,-58.380640,77
1,-34.609037,-58.381095,78
1,-34.609043,-58.381237,79
1,-34.609057,-58.381405,80
1,-34.609068,-58.381543,81
1,-34.609100,-58.381957,82
1,-34.609153,-58.382903,83
1,-34.609185,-58.383452,84
1,-34.609285,-58.384850,85
1,-34.609380,-58.386260,86
1,-34.609425,-58.386935,87
1,-34.609457,-58.387310,88
1,-34.609468,-58.387600,89
1,-34.609378,-58.387872,90
1,-34.609122,-58.388270,91
1,-34.609062,-58.388580,92
1,-34.609093,-58.389188,93
1,-34.609193,-58.390572,94
1,-34.609250,-58.391335,95
1,-34.609250,-58.391540,96
1,-34.609250,-58.391732,97
1,-34.609228,-58.391947,98
1,-34.609207,-58.392140,99
1,-34.609292,-58.393410,100
1,-34.609382,-58.394603,101
1,-34.609400,-58.394865,102
1,-34.609508,-58.396282,103
1,-34.609595,-58.397593,104
1,-34.609640,-58.398155,105
1,-34.609698,-58.399118,106
1,-34.609808,-58.400465,107
1,-34.609895,-58.401817,108
1,-34.609960,-58.402725,109
1,-34.610002,-58.403320,110
1,-34.610065,-58.404585,111
1,-34.610095,-58.405513,112
1,-34.610108,-58.405980,113
1,-34.610173,-58.406495,114
1,-34.610280,-58.407675,115
1,-34.610345,-58.408877,116
1,-34.610430,-58.410357,117
1,-34.610957,-58.410297,118
1,-34.611547,-58.410230,119
1,-34.612683,-58.410057,120
1,-34.613972,-58.409885,121
1,-34.614792,-58.409760,122
1,-34.615237,-58.409692,123
1,-34.616590,-58.409457,124
1,-34.616603,-58.410477,125
1,-34.616610,-58.411002,126
1,-34.616610,-58.412740,127
1,-34.617928,-58.412700,128
1,-34.618070,-58.412697,129
1,-34.618220,-58.414092,130
1,-34.618352,-58.415195,131
1,-34.618370,-58.415357,132
1,-34.618542,-58.416730,133
1,-34.619075,-58.416685,134
1,-34.619787,-58.416623,135
1,-34.620967,-58.416537,136
1,-34.622092,-58.416423,137
1,-34.622447,-58.416387,138
1,-34.623348,-58.416280,139
1,-34.623675,-58.416248,140
1,-34.624013,-58.416215,141
1,-34.624465,-58.417052,142
1,-34.624507,-58.417760,143
1,-34.624592,-58.419112,144
1,-34.624617,-58.419280,145
1,-34.624700,-58.420528,146
1,-34.624722,-58.421130,147
1,-34.624755,-58.421692,148
1,-34.624763,-58.421860,149
1,-34.624807,-58.422525,150
1,-34.624872,-58.423212,151
1,-34.624952,-58.424398,152
1,-34.624937,-58.424520,153
1,-34.625043,-58.425980,154
1,-34.625107,-58.427180,155
1,-34.625730,-58.427052,156
1,-34.626030,-58.426987,157
1,-34.626398,-58.426897,158
1,-34.626997,-58.426752,159
1,-34.628327,-58.426452,160
1,-34.629283,-58.426237,161
1,-34.629377,-58.426215,162
1,-34.630430,-58.425980,163
1,-34.631480,-58.425743,164
1,-34.631502,-58.426452,165
1,-34.631523,-58.427202,166
1,-34.631567,-58.428490,167
1,-34.631610,-58.429090,168
1,-34.631952,-58.429712,169
1,-34.632017,-58.429798,170
1,-34.633080,-58.431300,171
1,-34.633262,-58.431558,172
1,-34.633583,-58.432117,173
1,-34.633800,-58.432445,174
1,-34.633992,-58.432738,175
1,-34.634035,-58.432952,176
1,-34.634120,-58.433275,177
1,-34.634205,-58.433703,178
1,-34.634292,-58.434197,179
1,-34.634463,-58.434970,180
1,-34.634527,-58.435292,181
1,-34.634613,-58.435742,182
1,-34.634720,-58.436343,183
1,-34.634785,-58.436643,184
1,-34.634850,-58.436943,185
1,-34.634913,-58.437308,186
1,-34.635000,-58.437630,187
1,-34.635042,-58.437952,188
1,-34.635188,-58.438652,189
1,-34.635235,-58.438875,190
1,-34.635537,-58.440312,191
1,-34.636162,-58.440085,192
1,-34.636245,-58.440055,193
1,-34.637295,-58.439690,194
1,-34.638503,-58.439282,195
1,-34.638627,-58.439240,196
1,-34.638820,-58.440162,197
1,-34.638970,-58.440763,198
1,-34.639142,-58.441493,199
1,-34.639162,-58.441578,200
1,-34.639270,-58.442030,201
1,-34.639592,-58.443295,202
1,-34.639807,-58.444262,203
1,-34.639805,-58.444275,204
1,-34.639785,-58.444475,205
1,-34.639827,-58.444605,206
1,-34.640450,-58.445292,207
1,-34.641127,-58.446057,208
1,-34.641287,-58.446235,209
1,-34.642123,-58.447157,210
1,-34.642705,-58.447817,211
1,-34.642917,-58.448060,212
1,-34.644072,-58.449392,213
1,-34.644162,-58.449497,214
1,-34.644913,-58.450397,215
1,-34.645472,-58.451035,216
1,-34.645535,-58.451107,217
1,-34.645685,-58.451127,218
1,-34.645685,-58.451320,219
1,-34.645792,-58.451750,220
1,-34.645320,-58.452252,221
1,-34.645127,-58.452457,222
1,-34.644312,-58.453360,223
1,-34.644055,-58.453637,224
1,-34.643755,-58.453960,225
1,-34.643325,-58.454410,226
1,-34.642718,-58.455092,227
1,-34.642467,-58.455377,228
1,-34.641415,-58.456513,229
1,-34.641093,-58.456835,230
1,-34.641293,-58.457270,231
1,-34.641480,-58.457672,232
1,-34.641630,-58.457993,233
1,-34.641973,-58.458723,234
1,-34.642317,-58.459453,235
1,-34.642745,-58.460375,236
1,-34.642757,-58.460407,237
1,-34.642873,-58.460740,238
1,-34.642917,-58.461040,239
1,-34.642832,-58.461277,240
1,-34.642745,-58.461448,241
1,-34.642682,-58.461750,242
1,-34.642703,-58.462007,243
1,-34.642873,-58.462392,244
1,-34.643025,-58.462542,245
1,-34.643197,-58.462650,246
1,-34.643432,-58.462693,247
1,-34.643712,-58.462843,248
1,-34.644033,-58.463165,249
1,-34.644355,-58.463808,250
1,-34.644523,-58.464167,251
1,-34.644848,-58.464860,252
1,-34.645342,-58.466020,253
1,-34.645792,-58.466885,254
1,-34.645878,-58.467050,255
1,-34.645943,-58.467092,256
1,-34.646115,-58.467157,257
1,-34.646630,-58.467542,258
1,-34.647210,-58.467950,259
1,-34.647552,-58.468187,260
1,-34.647917,-58.468422,261
1,-34.648215,-58.468650,262
1,-34.648367,-58.468765,263
1,-34.647295,-58.470097,264
1,-34.646437,-58.471212,265
1,-34.645407,-58.472477,266
1,-34.644512,-58.473613,267
1,-34.644377,-58.473787,268
1,-34.643518,-58.474882,269
1,-34.642807,-58.475783,270
1,-34.642638,-58.475997,271
1,-34.641758,-58.477112,272
1,-34.640943,-58.478142,273
1,-34.640647,-58.478515,274
1452,-34.647617,-58.368125,1
1452,-34.647317,-58.368172,2
1452,-34.646437,-58.368300,3
1452,-34.646035,-58.368363,4
1452,-34.645622,-58.368430,5
1452,-34.644720,-58.368558,6
1452,-34.644442,-58.368598,7
1452,-34.643818,-58.368687,8
1452,-34.642917,-58.368815,9
1452,-34.641930,-58.368967,10
1452,-34.641115,-58.369095,11
1452,-34.640620,-58.369168,12
1452,-34.640107,-58.369245,13
1452,-34.639162,-58.369395,14
1452,-34.638240,-58.369545,15
1452,-34.638003,-58.369567,16
1452,-34.637360,-58.369675,17
1452,-34.636480,-58.369802,18
1452,-34.635792,-58.369915,19
1452,-34.635557,-58.369953,20
1452,-34.634550,-58.370103,21
1452,-34.633605,-58.370253,22
1452,-34.633110,-58.370310,23
1452,-34.632660,-58.370360,24
1452,-34.631717,-58.370468,25
1452,-34.630795,-58.370532,26
1452,-34.630347,-58.370567,27
1452,-34.629678,-58.370618,28
1452,-34.629463,-58.370640,29
1452,-34.629185,-58.370662,30
1452,-34.628090,-58.370768,31
1452,-34.626685,-58.370967,32
1452,-34.626597,-58.370977,33
1452,-34.626677,-58.372410,34
1452,-34.626685,-58.372555,35
1452,-34.626737,-58.373880,36
1452,-34.626775,-58.374585,37
1452,-34.626783,-58.374645,38
1452,-34.626803,-58.374705,39
1452,-34.627187,-58.375470,40
1452,-34.627265,-58.375622,41
1452,-34.627830,-58.376620,42
1452,-34.628367,-58.377617,43
1452,-34.628400,-58.377662,44
1452,-34.628422,-58.377692,45
1452,-34.628528,-58.377795,46
1452,-34.628630,-58.377948,47
1452,-34.627477,-58.378507,48
1452,-34.627362,-58.378555,49
1452,-34.627160,-58.378638,50
1452,-34.626503,-58.378865,51
1452,-34.626403,-58.378925,52
1452,-34.626360,-58.378960,53
1452,-34.626330,-58.378985,54
1452,-34.626295,-58.379020,55
1452,-34.626250,-58.379082,56
1452,-34.626235,-58.379115,57
1452,-34.626215,-58.379165,58
1452,-34.626202,-58.379210,59
1452,-34.626187,-58.379275,60
1452,-34.626172,-58.379362,61
1452,-34.626362,-58.380173,62
1452,-34.626837,-58.379960,63
1452,-34.627095,-58.379997,64
1452,-34.627167,-58.380025,65
1452,-34.627230,-58.380087,66
1452,-34.627312,-58.380372,67
1452,-34.627347,-58.381675,68
1452,-34.627350,-58.381733,69
1452,-34.627308,-58.381950,70
1452,-34.627282,-58.382020,71
1452,-34.627245,-58.382068,72
1452,-34.627185,-58.382122,73
1452,-34.627105,-58.382142,74
1452,-34.627013,-58.382150,75
1452,-34.626907,-58.382192,76
1452,-34.625945,-58.382248,77
1452,-34.624657,-58.382270,78
1452,-34.624657,-58.382935,79
1452,-34.624210,-58.382945,80
1452,-34.623907,-58.382957,81
1452,-34.622210,-58.382957,82
1452,-34.621310,-58.382957,83
1452,-34.620987,-58.382957,84
1452,-34.619743,-58.382977,85
1452,-34.618678,-58.382958,86
1452,-34.618563,-58.382957,87
1452,-34.617683,-58.383020,88
1452,-34.616710,-58.383058,89
1452,-34.616567,-58.383063,90
1452,-34.615345,-58.383020,91
1452,-34.614517,-58.383075,92
1452,-34.614357,-58.383085,93
1452,-34.613198,-58.383192,94
1452,-34.612145,-58.383290,95
1452,-34.612040,-58.383300,96
1452,-34.610882,-58.383365,97
1452,-34.610325,-58.383385,98
1452,-34.609743,-58.383407,99
1452,-34.609187,-58.383428,100
1452,-34.608585,-58.383450,101
1452,-34.607937,-58.383487,102
1452,-34.607470,-58.383515,103
1452,-34.606203,-58.383578,104
1452,-34.605433,-58.383607,105
1452,-34.605067,-58.383622,106
1452,-34.603822,-58.383728,107
1452,-34.603355,-58.383770,108
1452,-34.602598,-58.383837,109
1452,-34.601418,-58.383880,110
1452,-34.600753,-58.383943,111
1452,-34.600408,-58.383922,112
1452,-34.600268,-58.383937,113
1452,-34.599143,-58.384050,114
1452,-34.598242,-58.384093,115
1452,-34.598092,-58.384072,116
1452,-34.597308,-58.384143,117
1452,-34.596912,-58.384180,118
1452,-34.595560,-58.384308,119
1452,-34.595635,-58.385550,120
1452,-34.595647,-58.385725,121
1452,-34.595710,-58.387140,122
1452,-34.595732,-58.388450,123
1452,-34.595763,-58.389545,124
1452,-34.595775,-58.389973,125
1452,-34.595860,-58.391968,126
1452,-34.595875,-58.392852,127
1452,-34.595882,-58.393320,128
1452,-34.595797,-58.394650,129
1452,-34.595690,-58.396088,130
1452,-34.595605,-58.397105,131
1452,-34.595582,-58.397377,132
1452,-34.595432,-58.398535,133
1452,-34.595253,-58.399482,134
1452,-34.595217,-58.399672,135
1452,-34.595152,-58.399908,136
1452,-34.594810,-58.401152,137
1452,-34.594467,-58.402332,138
1452,-34.594210,-58.403185,139
1452,-34.594080,-58.403620,140
1452,-34.593372,-58.405100,141
1452,-34.592700,-58.405972,142
1452,-34.592577,-58.406130,143
1452,-34.591633,-58.407182,144
1452,-34.590882,-58.407955,145
1452,-34.590580,-58.408267,146
1452,-34.590217,-58.408642,147
1452,-34.590002,-58.408898,148
1452,-34.589530,-58.409522,149
1452,-34.589058,-58.410078,150
1452,-34.588788,-58.410470,151
1452,-34.588393,-58.411045,152
1452,-34.588093,-58.411538,153
1452,-34.587642,-58.412203,154
1452,-34.587557,-58.412353,155
1452,-34.586998,-58.413168,156
1452,-34.586543,-58.413852,157
1452,-34.586398,-58.414070,158
1452,-34.585775,-58.414992,159
1452,-34.585175,-58.415937,160
1452,-34.584638,-58.416730,161
1452,-34.584402,-58.417138,162
1452,-34.584085,-58.417600,163
1452,-34.583587,-58.418318,164
1452,-34.583272,-58.418782,165
1452,-34.582610,-58.419752,166
1452,-34.582385,-58.420078,167
1452,-34.582042,-58.420507,168
1452,-34.581892,-58.420528,169
1452,-34.581827,-58.420443,170
1452,-34.581655,-58.420250,171
1452,-34.581548,-58.420207,172
1452,-34.581335,-58.420207,173
1452,-34.581055,-58.420315,174
1452,-34.580820,-58.420485,175
1452,-34.580690,-58.420937,176
1452,-34.580690,-58.421345,177
1452,-34.580730,-58.421445,178
1452,-34.580737,-58.421570,179
1452,-34.580732,-58.421725,180
1452,-34.580712,-58.421808,181
1452,-34.580647,-58.421925,182
1452,-34.580477,-58.422188,183
1452,-34.580457,-58.422280,184
1452,-34.580405,-58.422412,185
1452,-34.580355,-58.422532,186
1452,-34.579750,-58.423500,187
1452,-34.579608,-58.423713,188
1452,-34.579220,-58.424320,189
1452,-34.578775,-58.425093,190
1452,-34.578722,-58.425160,191
1452,-34.578657,-58.425200,192
1452,-34.578615,-58.425232,193
1452,-34.578360,-58.425680,194
1452,-34.578202,-58.425950,195
1452,-34.578105,-58.426197,196
1452,-34.577927,-58.426628,197
1452,-34.577640,-58.427500,198
1452,-34.577485,-58.427978,199
1452,-34.577380,-58.428293,200
1452,-34.577365,-58.428370,201
1452,-34.577327,-58.428678,202
1452,-34.577305,-58.428780,203
1452,-34.577312,-58.428885,204
1452,-34.577300,-58.429082,205
1452,-34.577282,-58.429200,206
1452,-34.577152,-58.429680,207
1452,-34.577022,-58.430130,208
1452,-34.576947,-58.430197,209
1452,-34.576640,-58.431297,210
1452,-34.576627,-58.431520,211
1452,-34.576655,-58.431620,212
1452,-34.576978,-58.432008,213
1452,-34.577722,-58.432863,214
1452,-34.577837,-58.432995,215
1452,-34.578717,-58.434005,216
1452,-34.579252,-58.434627,217
1452,-34.579958,-58.435407,218
1452,-34.580068,-58.435527,219
1452,-34.580605,-58.436150,220
1452,-34.581077,-58.436687,221
1452,-34.581698,-58.437417,222
1452,-34.582355,-58.438157,223
1452,-34.582535,-58.438360,224
1452,-34.583328,-58.439282,225
1452,-34.583402,-58.439385,226
1452,-34.584145,-58.440227,227
1452,-34.585240,-58.441450,228
1452,-34.586015,-58.442362,229
1452,-34.586097,-58.442458,230
1452,-34.585412,-58.443510,231
1452,-34.585043,-58.444057,232
1452,-34.584660,-58.444625,233
1452,-34.584552,-58.444797,234
1452,-34.583780,-58.446450,235
1452,-34.583397,-58.447330,236
1452,-34.583265,-58.447630,237
1452,-34.582750,-58.448875,238
1452,-34.582385,-58.449818,239
1452,-34.582148,-58.450465,240
1452,-34.582063,-58.450698,241
1452,-34.581957,-58.451020,242
1452,-34.581698,-58.451728,243
1452,-34.582275,-58.452090,244
1452,-34.582450,-58.452200,245
1452,-34.583328,-58.452758,246
1452,-34.584358,-58.453423,247
1452,-34.585175,-58.453960,248
1452,-34.586058,-58.454537,249
619,-34.609160,-58.408332,1
619,-34.608950,-58.406302,2
619,-34.608885,-58.406023,3
619,-34.607727,-58.406130,4
619,-34.607383,-58.406152,5
619,-34.607215,-58.406122,6
619,-34.607112,-58.406103,7
619,-34.606912,-58.406067,8
619,-34.606547,-58.405937,9
619,-34.605517,-58.405745,10
619,-34.604572,-58.405508,11
619,-34.603350,-58.405187,12
619,-34.601870,-58.404822,13
619,-34.601165,-58.404587,14
619,-34.600903,-58.404500,15
619,-34.599893,-58.404200,16
619,-34.598418,-58.403730,17
619,-34.597895,-58.403572,18
619,-34.597557,-58.403470,19
619,-34.596570,-58.403148,20
619,-34.596967,-58.401972,21
619,-34.597020,-58.401817,22
619,-34.596355,-58.401582,23
619,-34.594810,-58.401152,24
619,-34.594687,-58.401572,25
619,-34.594467,-58.402332,26
619,-34.594080,-58.403620,27
619,-34.593485,-58.404863,28
619,-34.593372,-58.405100,29
619,-34.592577,-58.406130,30
619,-34.591633,-58.407182,31
619,-34.591267,-58.407560,32
619,-34.590882,-58.407955,33
619,-34.590217,-58.408642,34
619,-34.590002,-58.408898,35
619,-34.589530,-58.409522,36
619,-34.589242,-58.409860,37
619,-34.589058,-58.410078,38
619,-34.588393,-58.411045,39
619,-34.588093,-58.411538,40
619,-34.586827,-58.413430,41
619,-34.586398,-58.414070,42
619,-34.585175,-58.415937,43
619,-34.583952,-58.417780,44
619,-34.583587,-58.418318,45
619,-34.582463,-58.419952,46
619,-34.581850,-58.420765,47
619,-34.581827,-58.420443,48
619,-34.581655,-58.420250,49
619,-34.581548,-58.420207,50
619,-34.581335,-58.420207,51
619,-34.581055,-58.420315,52
619,-34.580820,-58.420485,53
619,-34.580690,-58.420937,54
619,-34.580690,-58.421345,55
619,-34.580712,-58.421730,56
619,-34.580412,-58.422332,57
619,-34.579725,-58.423447,58
619,-34.579275,-58.424392,59
619,-34.578880,-58.424972,60
619,-34.578717,-58.425292,61
619,-34.578458,-58.425700,62
619,-34.578115,-58.426580,63
619,-34.577857,-58.427330,64
619,-34.577600,-58.428060,65
619,-34.577428,-58.428640,66
619,-34.577278,-58.429155,67
619,-34.577170,-58.429587,68
619,-34.577022,-58.430098,69
619,-34.576592,-58.431558,70
619,-34.576507,-58.431858,71
619,-34.576120,-58.432782,72
619,-34.575502,-58.434235,73
619,-34.574962,-58.435507,74
619,-34.574510,-58.436430,75
619,-34.574102,-58.437115,76
619,-34.573395,-58.438447,77
619,-34.572708,-58.439647,78
619,-34.572085,-58.440742,79
619,-34.571970,-58.440968,80
619,-34.571525,-58.441812,81
619,-34.571457,-58.441895,82
619,-34.571377,-58.441990,83
619,-34.571115,-58.442480,84
619,-34.570522,-58.443680,85
619,-34.570422,-58.443947,86
619,-34.570083,-58.444640,87
619,-34.570048,-58.444712,88
619,-34.569960,-58.444842,89
619,-34.569873,-58.444982,90
619,-34.569595,-58.445552,91
619,-34.569557,-58.445668,92
619,-34.569515,-58.445805,93
619,-34.568965,-58.446930,94
619,-34.568905,-58.447007,95
619,-34.568828,-58.447108,96
619,-34.568325,-58.448092,97
619,-34.567912,-58.448872,98
619,-34.567865,-58.449003,99
619,-34.567820,-58.449122,100
619,-34.567778,-58.449195,101
619,-34.567598,-58.449517,102
619,-34.567378,-58.449935,103
619,-34.566972,-58.450692,104
619,-34.566907,-58.450762,105
619,-34.566823,-58.450867,106
619,-34.566367,-58.451713,107
619,-34.566063,-58.452273,108
619,-34.565563,-58.453182,109
619,-34.565430,-58.453418,110
619,-34.564993,-58.454087,111
619,-34.564920,-58.454163,112
619,-34.564845,-58.454232,113
619,-34.564640,-58.454395,114
619,-34.564097,-58.454845,115
619,-34.563950,-58.454970,116
619,-34.563890,-58.455043,117
619,-34.563825,-58.455135,118
619,-34.563625,-58.455310,119
619,-34.563472,-58.455442,120
619,-34.563057,-58.455817,121
619,-34.562980,-58.455875,122
619,-34.562027,-58.456660,123
619,-34.561897,-58.456762,124
619,-34.561702,-58.456940,125
619,-34.561560,-58.457117,126
619,-34.561252,-58.457385,127
619,-34.561137,-58.457453,128
619,-34.561050,-58.457495,129
619,-34.560975,-58.457540,130
619,-34.560667,-58.457800,131
619,-34.560172,-58.458215,132
619,-34.560112,-58.458300,133
619,-34.560058,-58.458370,134
619,-34.559517,-58.458830,135
619,-34.559207,-58.459092,136
619,-34.558857,-58.459398,137
619,-34.558738,-58.459470,138
619,-34.558282,-58.459877,139
619,-34.557667,-58.460455,140
619,-34.557483,-58.460660,141
619,-34.557373,-58.460792,142
619,-34.556805,-58.461315,143
619,-34.556532,-58.461562,144
619,-34.556462,-58.461630,145
619,-34.555727,-58.462317,146
619,-34.555572,-58.462462,147
619,-34.555485,-58.462532,148
619,-34.555187,-58.462828,149
619,-34.554595,-58.463415,150
619,-34.554480,-58.463497,151
619,-34.553622,-58.464345,152
619,-34.553582,-58.464385,153
619,-34.553518,-58.464470,154
619,-34.553435,-58.464587,155
619,-34.553012,-58.464930,156
619,-34.552785,-58.465115,157
619,-34.551905,-58.465830,158
619,-34.551743,-58.465952,159
619,-34.551657,-58.465997,160
619,-34.551552,-58.466065,161
619,-34.550723,-58.466720,162
619,-34.550122,-58.467230,163
619,-34.550062,-58.467292,164
619,-34.549597,-58.467682,165
619,-34.549442,-58.467807,166
619,-34.549302,-58.467920,167
619,-34.548973,-58.468183,168
619,-34.548600,-58.468477,169
619,-34.548532,-58.468515,170
619,-34.548177,-58.468767,171
619,-34.547382,-58.469380,172
619,-34.546827,-58.469822,173
619,-34.546760,-58.469893,174
619,-34.546640,-58.470030,175
619,-34.546207,-58.470345,176
619,-34.546103,-58.470420,177
619,-34.545493,-58.470858,178
619,-34.545395,-58.470910,179
619,-34.545273,-58.470985,180
619,-34.544590,-58.471475,181
619,-34.543905,-58.472007,182
619,-34.543802,-58.472100,183
619,-34.543730,-58.472152,184
619,-34.543515,-58.472337,185
619,-34.543237,-58.472540,186
619,-34.543010,-58.472707,187
619,-34.542938,-58.472752,188
619,-34.542395,-58.473155,189
619,-34.542300,-58.473192,190
619,-34.542182,-58.473268,191
619,-34.541525,-58.473755,192
619,-34.541475,-58.473743,193
619,-34.540943,-58.474167,194
619,-34.540830,-58.474247,195
619,-34.540730,-58.474310,196
619,-34.539965,-58.474850,197
619,-34.539330,-58.475357,198
619,-34.539300,-58.475377,199
619,-34.538865,-58.475665,200
619,-34.538843,-58.475767,201
619,-34.538523,-58.475883,202
619,-34.538327,-58.476082,203
619,-34.538297,-58.476100,204
619,-34.537862,-58.476327,205
619,-34.537587,-58.476455,206
619,-34.537527,-58.476485,207
619,-34.537440,-58.476532,208
99,-34.635768,-58.358597,1
99,-34.635300,-58.358880,2
99,-34.634507,-58.359395,3
99,-34.634120,-58.359632,4
99,-34.633842,-58.359782,5
99,-34.633670,-58.359890,6
99,-34.632832,-58.360340,7
99,-34.632038,-58.360855,8
99,-34.631797,-58.361202,9
99,-34.630965,-58.362400,10
99,-34.630343,-58.363387,11
99,-34.629850,-58.364138,12
99,-34.629520,-58.364597,13
99,-34.629420,-58.364803,14
99,-34.628905,-58.365575,15
99,-34.628442,-58.366278,16
99,-34.628240,-58.366585,17
99,-34.627682,-58.367465,18
99,-34.627618,-58.367572,19
99,-34.627190,-58.367872,20
99,-34.626867,-58.368000,21
99,-34.625215,-58.367980,22
99,-34.624470,-58.368022,23
99,-34.624077,-58.368043,24
99,-34.622790,-58.368193,25
99,-34.621997,-58.368280,26
99,-34.621632,-58.368322,27
99,-34.620978,-58.368395,28
99,-34.620615,-58.368437,29
99,-34.619710,-58.368625,30
99,-34.619545,-58.368552,31
99,-34.619427,-58.368515,32
99,-34.618442,-58.368595,33
99,-34.618312,-58.368697,34
99,-34.617822,-58.368708,35
99,-34.617313,-58.368888,36
99,-34.617107,-58.368922,37
99,-34.616478,-58.369007,38
99,-34.616080,-58.369068,39
99,-34.615810,-58.369108,40
99,-34.615702,-58.369122,41
99,-34.615020,-58.369168,42
99,-34.614795,-58.369172,43
99,-34.613592,-58.369227,44
99,-34.612317,-58.369322,45
99,-34.611712,-58.369350,46
99,-34.611172,-58.369377,47
99,-34.609948,-58.369405,48
99,-34.609670,-58.369417,49
99,-34.609512,-58.369415,50
99,-34.609452,-58.369397,51
99,-34.609405,-58.369372,52
99,-34.609350,-58.369330,53
99,-34.609280,-58.369257,54
99,-34.609167,-58.369122,55
99,-34.609043,-58.368933,56
99,-34.608948,-58.368823,57
99,-34.608852,-58.368722,58
99,-34.608767,-58.368655,59
99,-34.608698,-58.368605,60
99,-34.608585,-58.368533,61
99,-34.608465,-58.368467,62
99,-34.608342,-58.368423,63
99,-34.608192,-58.368385,64
99,-34.608060,-58.368360,65
99,-34.607802,-58.368348,66
99,-34.607642,-58.368358,67
99,-34.607448,-58.368385,68
99,-34.607333,-58.368415,69
99,-34.607187,-58.368477,70
99,-34.607085,-58.368535,71
99,-34.607015,-58.368587,72
99,-34.606932,-58.368647,73
99,-34.606733,-58.368833,74
99,-34.606618,-58.368957,75
99,-34.606525,-58.369098,76
99,-34.606467,-58.369198,77
99,-34.606367,-58.369417,78
99,-34.606277,-58.369575,79
99,-34.606262,-58.369602,80
99,-34.606162,-58.369735,81
99,-34.605957,-58.369908,82
99,-34.605813,-58.369965,83
99,-34.605367,-58.370042,84
99,-34.604568,-58.370132,85
99,-34.604307,-58.370135,86
99,-34.603325,-58.370217,87
99,-34.603162,-58.370227,88
99,-34.603027,-58.370217,89
99,-34.602935,-58.370202,90
99,-34.601940,-58.370320,91
99,-34.600815,-58.370462,92
99,-34.600712,-58.370497,93
99,-34.600637,-58.370530,94
99,-34.599585,-58.370782,95
99,-34.598518,-58.371047,96
99,-34.598392,-58.371110,97
99,-34.598098,-58.371258,98
99,-34.597135,-58.371755,99
99,-34.597057,-58.371800,100
99,-34.596142,-58.372252,101
99,-34.594857,-58.372845,102
99,-34.594435,-58.372937,103
99,-34.594352,-58.372985,104
99,-34.594285,-58.373030,105
99,-34.594162,-58.373115,106
99,-34.594035,-58.373225,107
99,-34.593827,-58.373420,108
99,-34.593578,-58.373702,109
99,-34.593502,-58.373810,110
99,-34.592540,-58.373035,111
99,-34.592180,-58.372752,112
99,-34.591925,-58.372620,113
99,-34.591887,-58.372605,114
99,-34.591762,-58.372580,115
99,-34.591718,-58.372587,116
99,-34.591675,-58.372647,117
99,-34.591635,-58.372692,118
99,-34.591575,-58.372793,119
99,-34.591267,-58.373405,120
99,-34.591237,-58.373463,121
99,-34.591218,-58.373520,122
99,-34.591212,-58.373585,123
99,-34.591210,-58.373660,124
99,-34.591227,-58.373755,125
99,-34.591250,-58.373840,126
99,-34.591275,-58.373970,127
99,-34.591298,-58.374085,128
99,-34.592422,-58.375022,129
99,-34.592517,-58.375100,130
99,-34.592762,-58.375273,131
99,-34.592913,-58.375622,132
99,-34.593162,-58.375868,133
99,-34.593305,-58.376010,134
99,-34.594475,-58.376982,135
99,-34.594445,-58.377232,136
99,-34.594460,-58.377370,137
99,-34.594485,-58.377455,138
99,-34.594545,-58.377563,139
99,-34.594613,-58.377655,140
99,-34.594650,-58.377690,141
99,-34.594757,-58.377762,142
99,-34.594878,-58.377822,143
99,-34.594972,-58.377845,144
99,-34.595080,-58.377852,145
99,-34.595120,-58.378185,146
99,-34.595158,-58.378512,147
99,-34.595273,-58.379950,148
99,-34.595307,-58.380473,149
99,-34.595372,-58.381480,150
99,-34.595367,-58.382012,151
99,-34.595410,-58.382462,152
99,-34.595410,-58.382742,153
99,-34.595560,-58.384308,154
99,-34.595632,-58.385497,155
99,-34.595647,-58.385725,156
99,-34.595710,-58.387140,157
99,-34.595732,-58.388450,158
99,-34.595765,-58.389357,159
99,-34.595857,-58.391882,160
99,-34.595865,-58.392257,161
99,-34.595882,-58.393320,162
99,-34.595797,-58.394650,163
99,-34.595690,-58.396088,164
99,-34.595657,-58.396480,165
99,-34.595582,-58.397377,166
99,-34.595432,-58.398535,167
99,-34.595347,-58.398987,168
99,-34.595217,-58.399672,169
99,-34.594810,-58.401152,170
99,-34.594687,-58.401572,171
99,-34.594467,-58.402332,172
99,-34.594080,-58.403620,173
99,-34.593485,-58.404863,174
99,-34.593372,-58.405100,175
99,-34.592577,-58.406130,176
99,-34.591633,-58.407182,177
99,-34.591267,-58.407560,178
99,-34.590882,-58.407955,179
99,-34.590217,-58.408642,180
99,-34.590002,-58.408898,181
99,-34.589530,-58.409522,182
99,-34.589242,-58.409860,183
99,-34.589058,-58.410078,184
99,-34.588393,-58.411045,185
99,-34.588093,-58.411538,186
99,-34.586827,-58.413430,187
99,-34.586398,-58.414070,188
99,-34.585175,-58.415937,189
99,-34.583952,-58.417780,190
99,-34.583587,-58.418318,191
99,-34.582463,-58.419952,192
99,-34.581850,-58.420765,193
99,-34.581827,-58.420443,194
99,-34.581655,-58.420250,195
99,-34.581548,-58.420207,196
99,-34.581335,-58.420207,197
99,-34.581055,-58.420315,198
99,-34.580820,-58.420485,199
99,-34.580690,-58.420937,200
99,-34.580690,-58.421345,201
99,-34.580712,-58.421730,202
99,-34.580412,-58.422332,203
99,-34.579725,-58.423447,204
99,-34.579275,-58.424392,205
99,-34.578880,-58.424972,206
99,-34.578717,-58.425292,207
99,-34.578458,-58.425700,208
99,-34.578115,-58.426580,209
99,-34.577857,-58.427330,210
99,-34.577600,-58.428060,211
99,-34.577428,-58.428640,212
99,-34.577278,-58.429155,213
99,-34.577170,-58.429587,214
99,-34.577022,-58.430098,215
99,-34.576592,-58.431558,216
99,-34.576507,-58.431858,217
99,-34.576120,-58.432782,218
99,-34.575502,-58.434235,219
99,-34.574962,-58.435507,220
99,-34.574510,-58.436430,221
99,-34.574102,-58.437115,222
99,-34.573395,-58.438447,223
99,-34.572708,-58.439647,224
99,-34.572085,-58.440742,225
99,-34.571970,-58.440968,226
99,-34.571420,-58.441965,227
99,-34.571098,-58.442545,228
99,-34.570905,-58.442952,229
99,-34.570455,-58.443832,230
99,-34.570305,-58.444110,231
99,-34.569940,-58.444862,232
99,-34.569532,-58.445698,233
99,-34.569147,-58.446515,234
99,-34.569117,-58.446602,235
99,-34.568867,-58.447050,236
99,-34.568330,-58.448187,237
99,-34.567858,-58.449090,238
99,-34.567387,-58.449947,239
99,-34.567245,-58.450192,240
99,-34.566935,-58.450785,241
99,-34.566422,-58.451728,242
99,-34.566120,-58.452330,243
99,-34.565605,-58.453360,244
99,-34.564983,-58.454195,245
99,-34.564877,-58.454282,246
99,-34.563932,-58.455118,247
99,-34.563480,-58.455472,248
99,-34.563010,-58.455912,249
99,-34.562043,-58.456750,250
99,-34.561100,-58.457543,251
99,-34.560155,-58.458295,252
99,-34.559895,-58.458512,253
99,-34.559212,-58.459088,254
99,-34.558288,-58.459925,255
99,-34.557558,-58.460590,256
99,-34.557345,-58.460805,257
99,-34.556850,-58.461235,258
99,-34.556422,-58.461642,259
99,-34.556303,-58.461760,260
99,-34.556122,-58.461942,261
99,-34.555457,-58.462565,262
99,-34.554427,-58.463595,263
99,-34.553503,-58.464560,264
99,-34.553300,-58.464710,265
99,-34.552732,-58.465203,266
99,-34.552002,-58.465805,267
99,-34.551593,-58.466127,268
99,-34.551228,-58.466427,269
99,-34.550842,-58.466727,270
99,-34.550477,-58.466985,271
99,-34.550005,-58.467370,272
99,-34.549748,-58.467585,273
99,-34.549645,-58.467652,274
99,-34.548912,-58.468230,275
99,-34.548460,-58.468595,276
99,-34.548267,-58.468765,277
99,-34.548075,-58.468915,278
99,-34.547410,-58.469430,279
99,-34.546830,-58.469882,280
99,-34.546658,-58.470010,281
99,-34.546287,-58.470290,282
99,-34.546037,-58.470482,283
99,-34.545242,-58.471062,284
99,-34.544535,-58.471598,285
99,-34.543740,-58.472157,286
99,-34.543607,-58.472257,287
99,-34.542990,-58.472735,288
99,-34.542238,-58.473293,289
99,-34.541530,-58.473830,290
99,-34.540715,-58.474430,291
99,-34.540392,-58.474710,292
99,-34.539985,-58.475032,293
99,-34.539405,-58.475525,294
99,-34.538747,-58.475907,295
99,-34.538075,-58.476297,296
99,-34.537157,-58.476757,297
99,-34.536402,-58.477135,298
99,-34.536028,-58.477322,299
99,-34.535415,-58.477645,300
99,-34.534470,-58.478138,301
99,-34.533590,-58.478567,302
99,-34.533055,-58.478847,303
99,-34.532540,-58.479103,304
99,-34.532215,-58.479257,305
99,-34.531595,-58.479597,306
99,-34.530630,-58.480047,307
99,-34.529665,-58.480605,308
99,-34.528935,-58.481035,309
99,-34.528505,-58.481250,310
99,-34.528312,-58.481337,311
99,-34.527862,-58.481575,312
99,-34.526873,-58.482112,313
99,-34.526660,-58.482242,314
99,-34.525908,-58.482648,315
99,-34.525737,-58.482735,316
99,-34.525030,-58.483142,317
99,-34.524813,-58.483272,318
99,-34.523913,-58.483765,319
99,-34.523413,-58.484048,320
99,-34.522970,-58.484302,321
99,-34.522090,-58.484752,322
99,-34.520910,-58.485288,323
99,-34.519750,-58.485932,324
99,-34.519557,-58.486060,325
99,-34.519042,-58.486318,326
99,-34.519030,-58.486322,327
99,-34.518398,-58.486682,328
99,-34.517197,-58.487348,329
99,-34.515932,-58.488077,330
99,-34.514980,-58.488515,331
99,-34.514622,-58.488678,332
99,-34.514278,-58.488828,333
99,-34.514193,-58.488893,334
99,-34.513755,-58.489107,335
99,-34.513185,-58.489387,336
99,-34.512283,-58.489880,337
99,-34.512020,-58.489990,338
99,-34.511425,-58.490373,339
99,-34.510610,-58.490888,340
99,-34.509837,-58.491340,341
99,-34.509407,-58.491597,342
99,-34.509022,-58.491790,343
99,-34.508637,-58.491977,344
99,-34.508270,-58.492235,345
99,-34.507327,-58.492708,346
99,-34.506907,-58.492880,347
99,-34.506360,-58.493207,348
99,-34.505460,-58.493657,349
99,-34.504828,-58.493892,350
99,-34.504495,-58.494150,351
99,-34.503572,-58.494643,352
99,-34.502627,-58.495158,353
99,-34.501833,-58.495587,354
99,-34.502362,-58.496695,355
99,-34.502477,-58.496940,356
99,-34.502837,-58.497772,357
99,-34.502885,-58.497883,358
99,-34.503292,-58.498850,359
99,-34.503725,-58.499712,360
99,-34.503765,-58.499793,361
99,-34.504193,-58.500780,362
99,-34.504573,-58.501635,363
99,-34.504622,-58.501747,364
99,-34.505117,-58.502647,365
99,-34.505527,-58.503525,366
99,-34.505567,-58.503612,367
99,-34.505997,-58.504622,368
99,-34.506345,-58.505432,369
99,-34.506403,-58.505565,370
99,-34.506833,-58.506575,371
99,-34.507185,-58.507347,372
99,-34.507262,-58.507518,373
99,-34.507733,-58.508440,374
99,-34.508102,-58.509303,375
99,-34.508163,-58.509450,376
99,-34.508592,-58.510415,377
99,-34.508960,-58.511207,378
99,-34.509022,-58.511337,379
99,-34.509472,-58.512282,380
99,-34.509815,-58.513035,381
99,-34.509902,-58.513227,382
99,-34.510477,-58.512880,383
99,-34.510652,-58.512775,384
99,-34.511473,-58.512195,385
1418,-34.651248,-58.416237,1
1418,-34.650772,-58.416237,2
1418,-34.649677,-58.416237,3
1418,-34.648432,-58.416237,4
1418,-34.648347,-58.416302,5
1418,-34.648303,-58.416195,6
1418,-34.647988,-58.415985,7
1418,-34.647660,-58.415765,8
1418,-34.647102,-58.415357,9
1418,-34.645943,-58.416215,10
1418,-34.646330,-58.416215,11
1418,-34.646962,-58.416230,12
1418,-34.647360,-58.416237,13
1418,-34.647660,-58.416237,14
1418,-34.647788,-58.416237,15
1418,-34.648132,-58.416258,16
1418,-34.648197,-58.416323,17
1418,-34.648217,-58.416408,18
1418,-34.648217,-58.416602,19
1418,-34.648175,-58.416687,20
1418,-34.648108,-58.416865,21
1418,-34.647895,-58.417438,22
1418,-34.647810,-58.417653,23
1418,-34.647423,-58.418427,24
1418,-34.647102,-58.419177,25
1418,-34.646635,-58.419592,26
1418,-34.646307,-58.419885,27
1418,-34.646007,-58.420122,28
1418,-34.644892,-58.421108,29
1418,-34.643903,-58.421967,30
1418,-34.643237,-58.422480,31
1418,-34.642788,-58.422825,32
1418,-34.642552,-58.422867,33
1418,-34.641180,-58.423232,34
1418,-34.640440,-58.423422,35
1418,-34.640172,-58.423490,36
1418,-34.639142,-58.423768,37
1418,-34.638720,-58.423855,38
1418,-34.637982,-58.424005,39
1418,-34.637145,-58.424198,40
1418,-34.636737,-58.424348,41
1418,-34.636420,-58.424450,42
1418,-34.636202,-58.424520,43
1418,-34.635600,-58.424670,44
1418,-34.634828,-58.424863,45
1418,-34.634233,-58.425032,46
1418,-34.633690,-58.425185,47
1418,-34.632360,-58.425528,48
1418,-34.631855,-58.425652,49
1418,-34.631480,-58.425743,50
1418,-34.630430,-58.425980,51
1418,-34.629377,-58.426215,52
1418,-34.628327,-58.426452,53
1418,-34.627432,-58.426653,54
1418,-34.626997,-58.426752,55
1418,-34.626030,-58.426987,56
1418,-34.625730,-58.427052,57
1418,-34.625422,-58.427115,58
1418,-34.625107,-58.427180,59
1418,-34.623585,-58.427482,60
1418,-34.622337,-58.427745,61
1418,-34.622060,-58.427803,62
1418,-34.621310,-58.427953,63
1418,-34.620667,-58.428060,64
1418,-34.620380,-58.428118,65
1418,-34.619400,-58.428318,66
1418,-34.618545,-58.428500,67
1418,-34.618285,-58.428555,68
1418,-34.617168,-58.428790,69
1418,-34.616042,-58.429022,70
1418,-34.615087,-58.429220,71
1418,-34.615430,-58.430035,72
1418,-34.615560,-58.430292,73
1418,-34.615773,-58.430785,74
1418,-34.616032,-58.431365,75
1418,-34.616160,-58.431643,76
1418,-34.616417,-58.432202,77
1418,-34.616697,-58.432867,78
1418,-34.616027,-58.433177,79
1418,-34.615537,-58.433403,80
1418,-34.614850,-58.433725,81
1418,-34.614680,-58.433812,82
1418,-34.614272,-58.433982,83
1418,-34.613370,-58.434433,84
1418,-34.613105,-58.434552,85
1418,-34.612748,-58.434712,86
1418,-34.611482,-58.435335,87
1418,-34.610280,-58.435700,88
1418,-34.609290,-58.435978,89
1418,-34.608757,-58.436128,90
1418,-34.608757,-58.434712,91
1418,-34.608757,-58.434177,92
1418,-34.608757,-58.434175,93
1418,-34.608660,-58.434022,94
1418,-34.608392,-58.433597,95
1418,-34.608195,-58.433375,96
1418,-34.608048,-58.433210,97
1418,-34.607835,-58.433017,98
1418,-34.607405,-58.432760,99
1418,-34.607105,-58.432673,100
1418,-34.606898,-58.432655,101
1418,-34.606868,-58.432652,102
1418,-34.606418,-58.432673,103
1418,-34.605817,-58.432910,104
1418,-34.605582,-58.433060,105
1418,-34.605323,-58.433253,106
1418,-34.605190,-58.433420,107
1418,-34.605080,-58.433555,108
1418,-34.604873,-58.433812,109
1418,-34.604680,-58.434155,110
1418,-34.604607,-58.434342,111
1418,-34.604445,-58.434755,112
1418,-34.604315,-58.435357,113
1418,-34.604315,-58.435905,114
1418,-34.604315,-58.436360,115
1418,-34.604315,-58.436622,116
1418,-34.604552,-58.437158,117
1418,-34.604315,-58.437695,118
1418,-34.604225,-58.437877,119
1418,-34.603878,-58.438568,120
1418,-34.603735,-58.438853,121
1418,-34.603478,-58.439368,122
1418,-34.603280,-58.439865,123
1418,-34.603178,-58.440120,124
1418,-34.602685,-58.441300,125
1418,-34.602620,-58.441428,126
1418,-34.602332,-58.442115,127
1418,-34.602233,-58.442352,128
1418,-34.602170,-58.442545,129
1418,-34.602062,-58.442352,130
1418,-34.601290,-58.441107,131
1418,-34.600603,-58.439948,132
1418,-34.600098,-58.439117,133
1418,-34.599873,-58.438747,134
1418,-34.599102,-58.437610,135
1418,-34.598578,-58.436790,136
1418,-34.598457,-58.436600,137
1418,-34.597770,-58.435527,138
1418,-34.597085,-58.434455,139
1418,-34.596565,-58.433627,140
1418,-34.596397,-58.433360,141
1418,-34.595710,-58.432310,142
1418,-34.595025,-58.431215,143
1418,-34.594507,-58.430383,144
1418,-34.594315,-58.430077,145
1418,-34.593693,-58.429177,146
1418,-34.593302,-58.428577,147
1418,-34.592965,-58.428060,148
1418,-34.592148,-58.426858,149
1418,-34.591505,-58.425893,150
1418,-34.590982,-58.425092,151
1418,-34.590862,-58.424907,152
1418,-34.590217,-58.423940,153
1418,-34.589797,-58.423320,154
1418,-34.589725,-58.423212,155
1418,-34.589123,-58.422288,156
1418,-34.588587,-58.421495,157
1418,-34.587928,-58.420420,158
1418,-34.587772,-58.420165,159
1418,-34.587342,-58.419477,160
1418,-34.586933,-58.418790,161
1418,-34.586525,-58.418143,162
1418,-34.586077,-58.417438,163
1418,-34.585175,-58.415937,164
1418,-34.584780,-58.416522,165
1418,-34.584638,-58.416730,166
1418,-34.584402,-58.417138,167
1418,-34.583587,-58.418318,168
1418,-34.583057,-58.419095,169
1418,-34.582888,-58.419342,170
1418,-34.582385,-58.420078,171
1418,-34.582042,-58.420507,172
1418,-34.581892,-58.420528,173
1418,-34.581827,-58.420443,174
1418,-34.581655,-58.420250,175
1418,-34.581548,-58.420207,176
1418,-34.581335,-58.420207,177
1418,-34.581055,-58.420315,178
1418,-34.580820,-58.420485,179
1418,-34.580690,-58.420937,180
1418,-34.580690,-58.421345,181
1418,-34.580730,-58.421445,182
1418,-34.580737,-58.421570,183
1418,-34.580732,-58.421725,184
1418,-34.580712,-58.421808,185
1418,-34.580647,-58.421925,186
1418,-34.580477,-58.422188,187
1418,-34.580457,-58.422280,188
1418,-34.580405,-58.422412,189
1418,-34.580355,-58.422532,190
1418,-34.579750,-58.423500,191
1418,-34.579220,-58.424320,192
1418,-34.578775,-58.425093,193
1418,-34.578722,-58.425160,194
1418,-34.578657,-58.425200,195
1418,-34.578615,-58.425232,196
1418,-34.578360,-58.425680,197
1418,-34.578202,-58.425950,198
1418,-34.578105,-58.426197,199
1418,-34.577927,-58.426628,200
1418,-34.577682,-58.427417,201
1418,-34.577640,-58.427500,202
1418,-34.577485,-58.427978,203
1418,-34.577380,-58.428293,204
1418,-34.577365,-58.428370,205
1418,-34.576785,-58.429112,206
1418,-34.576307,-58.429620,207
1418,-34.575712,-58.430250,208
1418,-34.574810,-58.431300,209
1418,-34.574403,-58.431708,210
1418,-34.574125,-58.431987,211
1418,-34.573757,-58.432370,212
1418,-34.573610,-58.432523,213
1418,-34.572708,-58.433382,214
1418,-34.572580,-58.433510,215
1418,-34.571978,-58.434090,216
1418,-34.571098,-58.434927,217
1418,-34.570240,-58.435720,218
1418,-34.569583,-58.436317,219
1418,-34.569317,-58.436557,220
1418,-34.568782,-58.437008,221
1418,-34.568287,-58.437373,222
1418,-34.567887,-58.437670,223
1418,-34.567300,-58.438102,224
1418,-34.566207,-58.439325,225
1418,-34.566120,-58.439433,226
1418,-34.565573,-58.440105,227
1418,-34.565370,-58.440355,228
1418,-34.564597,-58.441257,229
1418,-34.563652,-58.442608,230
1418,-34.563025,-58.443400,231
1418,-34.562837,-58.443638,232
1418,-34.562043,-58.444605,233
1418,-34.561722,-58.444218,234
1418,-34.561635,-58.444197,235
1418,-34.561442,-58.444175,236
1418,-34.561207,-58.444777,237
1418,-34.560473,-58.446370,238
1418,-34.560435,-58.446407,239
1418,-34.560370,-58.446707,240
1418,-34.559855,-58.448187,241
1418,-34.559277,-58.449157,242
1418,-34.559125,-58.449410,243
1418,-34.558417,-58.450612,244
1418,-34.558760,-58.451148,245
1418,-34.558048,-58.451782,246
1418,-34.557795,-58.452007,247
1418,-34.557130,-58.450892,248
1418,-34.556637,-58.450018,249
1418,-34.556465,-58.449712,250
1418,-34.555713,-58.448510,251
1418,-34.555245,-58.448913,252
1418,-34.554790,-58.449303,253
1418,-34.553868,-58.450118,254
1418,-34.553117,-58.450750,255
1418,-34.552925,-58.450912,256
1418,-34.552452,-58.451257,257
1418,-34.552108,-58.451622,258
1418,-34.551315,-58.452307,259
1418,-34.550500,-58.453015,260
1418,-34.550198,-58.453252,261
1418,-34.549470,-58.454045,262
1418,-34.549340,-58.454195,263
1418,-34.549147,-58.454432,264
1418,-34.548868,-58.454732,265
1418,-34.548632,-58.455032,266
1418,-34.548568,-58.455140,267
1418,-34.548440,-58.455333,268
1418,-34.548032,-58.455762,269
1418,-34.547648,-58.456192,270
1418,-34.547323,-58.456557,271
1418,-34.546702,-58.457372,272
1418,-34.546325,-58.457820,273
1418,-34.546037,-58.458165,274
1418,-34.545372,-58.458982,275
1418,-34.544970,-58.459472,276
1418,-34.544705,-58.459797,277
1418,-34.543933,-58.460677,278
1418,-34.543510,-58.461113,279
1418,-34.543312,-58.461320,280
1418,-34.542688,-58.462028,281
1418,-34.542088,-58.462628,282
1418,-34.542050,-58.462667,283
1418,-34.541820,-58.462897,284
1418,-34.541530,-58.463187,285
1418,-34.541337,-58.463380,286
1418,-34.540693,-58.463830,287
1418,-34.539857,-58.464388,288
1418,-34.539317,-58.464700,289
1418,-34.539042,-58.464860,290
1418,-34.538290,-58.465312,291
1418,-34.537475,-58.465805,292
1418,-34.536922,-58.466148,293
1418,-34.536680,-58.466298,294
1418,-34.536102,-58.466662,295
1418,-34.535780,-58.466792,296
1418,-34.535693,-58.466792,297
1418,-34.535587,-58.466770,298
1418,-34.535115,-58.466620,299
1418,-34.534985,-58.466705,300
1418,-34.534900,-58.466813,301
1418,-34.534857,-58.467070,302
1418,-34.534900,-58.467435,303
1418,-34.535072,-58.467822,304
1418,-34.535563,-58.468442,305
1418,-34.535607,-58.468648,306
1418,-34.536300,-58.470160,307
1418,-34.536745,-58.471127,308
1418,-34.537282,-58.472413,309
1418,-34.537410,-58.472860,310
1418,-34.537538,-58.473808,311
1418,-34.537775,-58.474710,312
1418,-34.538012,-58.475225,313
1418,-34.538247,-58.475632,314
1418,-34.538450,-58.476058,315
1418,-34.538477,-58.476125,316
1418,-34.538527,-58.476287,317
1418,-34.539020,-58.477457,318
1418,-34.539255,-58.477863,319
1418,-34.539620,-58.478378,320
1418,-34.540285,-58.479258,321
1418,-34.540697,-58.480098,322
1418,-34.540757,-58.480225,323
1418,-34.541935,-58.483025,324
1418,-34.542173,-58.483592,325
1418,-34.542378,-58.484175,326
1418,-34.542452,-58.484387,327
1418,-34.542903,-58.485525,328
1418,-34.543425,-58.486857,329
1418,-34.543632,-58.487390,330
1418,-34.544083,-58.488678,331
1418,-34.545285,-58.491425,332
1418,-34.545778,-58.492347,333
1418,-34.545907,-58.492862,334
1418,-34.545887,-58.493357,335
1418,-34.545800,-58.493635,336
1418,-34.545712,-58.493800,337
1418,-34.545628,-58.493957,338
1418,-34.545457,-58.494193,339
1418,-34.544362,-58.495018,340
1418,-34.544320,-58.495052,341
1418,-34.543792,-58.495430,342
1418,-34.543482,-58.495652,343
1418,-34.542342,-58.496552,344
1418,-34.541960,-58.496853,345
1418,-34.540543,-58.498248,346
1418,-34.538697,-58.499730,347
1418,-34.537710,-58.500480,348
1418,-34.536208,-58.501488,349
1418,-34.536122,-58.501553,350
1418,-34.535178,-58.502218,351
1418,-34.534653,-58.502568,352
1418,-34.534213,-58.502862,353
1418,-34.533642,-58.503185,354
1418,-34.533075,-58.503505,355
1418,-34.532775,-58.503677,356
1418,-34.531960,-58.504342,357
1418,-34.531252,-58.504837,358
1418,-34.530872,-58.505115,359
1418,-34.530437,-58.505437,360
1418,-34.530093,-58.505695,361
1418,-34.528523,-58.506872,362
1418,-34.528377,-58.506982,363
1418,-34.527877,-58.507342,364
1418,-34.526147,-58.508592,365
1418,-34.526060,-58.508655,366
1418,-34.523813,-58.510302,367
1418,-34.523648,-58.510423,368
1418,-34.522518,-58.511252,369
1418,-34.521247,-58.512308,370
1418,-34.521123,-58.512410,371
1418,-34.519537,-58.513982,372
1418,-34.518807,-58.514707,373
1418,-34.518760,-58.514747,374
1418,-34.517690,-58.515672,375
1418,-34.516832,-58.516723,376
1418,-34.516167,-58.517367,377
1418,-34.515720,-58.517840,378
1418,-34.515240,-58.518345,379
1418,-34.515030,-58.518568,380
1418,-34.514150,-58.519598,381
1418,-34.514000,-58.519750,382
1418,-34.513420,-58.520242,383
1418,-34.513142,-58.520522,384
1418,-34.512927,-58.520800,385
1418,-34.512765,-58.521032,386
1418,-34.512627,-58.521230,387
1418,-34.510450,-58.525012,388
1418,-34.510330,-58.525220,389
1418,-34.510267,-58.525350,390
1418,-34.509300,-58.526873,391
1418,-34.509000,-58.527625,392
1418,-34.508528,-58.528847,393
1418,-34.507962,-58.530005,394
1418,-34.507525,-58.530897,395
1418,-34.506618,-58.532752,396
1418,-34.505267,-58.535563,397
1418,-34.504802,-58.536497,398
1418,-34.504725,-58.536652,399
1418,-34.503422,-58.539275,400
1418,-34.502242,-58.541700,401
1418,-34.502090,-58.542065,402
1418,-34.500675,-58.544833,403
1418,-34.500652,-58.544880,404
1418,-34.500622,-58.544942,405
1418,-34.500310,-58.545605,406
1418,-34.499452,-58.547215,407
1418,-34.499043,-58.548160,408
1418,-34.498487,-58.549425,409
1418,-34.498052,-58.550188,410
1418,-34.497607,-58.550970,411
1418,-34.496877,-58.551763,412
1418,-34.496727,-58.551957,413
1418,-34.496450,-58.552273,414
1418,-34.495803,-58.553008,415
1418,-34.494860,-58.554102,416
1418,-34.494667,-58.554553,417
1418,-34.494580,-58.555240,418
1418,-34.494495,-58.555455,419
1418,-34.493808,-58.556185,420
1418,-34.493658,-58.556613,421
1418,-34.493830,-58.557815,422
1418,-34.493830,-58.558052,423
1418,-34.493293,-58.559897,424
1418,-34.492907,-58.561012,425
1418,-34.492670,-58.561635,426
1418,-34.491760,-58.563580,427
1418,-34.491577,-58.563973,428
1418,-34.490547,-58.566677,429
1418,-34.490247,-58.567192,430
1418,-34.489902,-58.568007,431
1418,-34.489795,-58.568372,432
1418,-34.489717,-58.568622,433
1418,-34.489582,-58.569015,434
1418,-34.489517,-58.569337,435
1418,-34.489010,-58.572672,436
1418,-34.489002,-58.572728,437
1418,-34.488915,-58.573952,438
1418,-34.488658,-58.576075,439
1418,-34.488642,-58.576355,440
1418,-34.488172,-58.579768,441
1418,-34.488165,-58.579830,442
1418,-34.488047,-58.580662,443
1418,-34.488015,-58.580797,444
1418,-34.487843,-58.581375,445
1418,-34.487822,-58.581783,446
1780,-34.634347,-58.483973,1
1780,-34.634162,-58.483272,2
1780,-34.633948,-58.482348,3
1780,-34.633798,-58.481705,4
1780,-34.633680,-58.481205,5
1780,-34.633515,-58.480518,6
1780,-34.633477,-58.480352,7
1780,-34.633132,-58.478915,8
1780,-34.632875,-58.477820,9
1780,-34.632647,-58.476855,10
1780,-34.632617,-58.476727,11
1780,-34.632338,-58.475653,12
1780,-34.632060,-58.474602,13
1780,-34.631760,-58.473487,14
1780,-34.631685,-58.473212,15
1780,-34.631460,-58.472370,16
1780,-34.631115,-58.471190,17
1780,-34.630685,-58.469635,18
1780,-34.630658,-58.469542,19
1780,-34.630405,-58.468562,20
1780,-34.630342,-58.468315,21
1780,-34.630005,-58.467005,22
1780,-34.630067,-58.466858,23
1780,-34.629735,-58.465467,24
1780,-34.629590,-58.464978,25
1780,-34.629510,-58.464797,26
1780,-34.629297,-58.464075,27
1780,-34.629077,-58.463505,28
1780,-34.629052,-58.463407,29
1780,-34.628858,-58.462720,30
1780,-34.628590,-58.461845,31
1780,-34.628390,-58.461212,32
1780,-34.627940,-58.459882,33
1780,-34.627532,-58.458852,34
1780,-34.627437,-58.458617,35
1780,-34.627125,-58.457843,36
1780,-34.626972,-58.457477,37
1780,-34.626652,-58.456707,38
1780,-34.626137,-58.455377,39
1780,-34.625645,-58.454045,40
1780,-34.625408,-58.453425,41
1780,-34.625237,-58.452972,42
1780,-34.624872,-58.452028,43
1780,-34.624313,-58.450677,44
1780,-34.624013,-58.449882,45
1780,-34.623798,-58.449410,46
1780,-34.623700,-58.449148,47
1780,-34.623542,-58.448725,48
1780,-34.623348,-58.448210,49
1780,-34.622983,-58.447265,50
1780,-34.622877,-58.447007,51
1780,-34.622513,-58.446040,52
1780,-34.622425,-58.445807,53
1780,-34.622147,-58.445162,54
1780,-34.621825,-58.444347,55
1780,-34.621417,-58.442717,56
1780,-34.620817,-58.441107,57
1780,-34.620540,-58.440082,58
1780,-34.620172,-58.438725,59
1780,-34.620000,-58.438188,60
1780,-34.619743,-58.437330,61
1780,-34.619613,-58.436855,62
1780,-34.619357,-58.435915,63
1780,-34.619057,-58.434540,64
1780,-34.618927,-58.433403,65
1780,-34.618780,-58.432235,66
1780,-34.618692,-58.431537,67
1780,-34.618648,-58.431300,68
1780,-34.618563,-58.430635,69
1780,-34.618477,-58.429948,70
1780,-34.618345,-58.428997,71
1780,-34.618285,-58.428555,72
1780,-34.618155,-58.427310,73
1780,-34.617858,-58.427322,74
1780,-34.617082,-58.427352,75
1780,-34.616052,-58.427395,76
1780,-34.614958,-58.427438,77
1780,-34.614903,-58.426188,78
1780,-34.614893,-58.425957,79
1780,-34.614808,-58.424562,80
1780,-34.614758,-58.423423,81
1780,-34.614743,-58.423060,82
1780,-34.614680,-58.421645,83
1780,-34.614627,-58.420855,84
1780,-34.614593,-58.420335,85
1780,-34.614272,-58.418683,86
1780,-34.613972,-58.417643,87
1780,-34.613863,-58.417267,88
1780,-34.613520,-58.416215,89
1780,-34.613327,-58.415637,90
1780,-34.613048,-58.414800,91
1780,-34.612653,-58.413597,92
1780,-34.612597,-58.413427,93
1780,-34.612447,-58.413018,94
1780,-34.611825,-58.411667,95
1780,-34.610957,-58.411712,96
1780,-34.610560,-58.411732,97
1780,-34.609408,-58.411768,98
1780,-34.609207,-58.411775,99
1780,-34.609143,-58.410380,100
1780,-34.609100,-58.409122,101
1780,-34.609207,-58.408792,102
1780,-34.609047,-58.407228,103
1780,-34.609010,-58.406875,104
1780,-34.608950,-58.406302,105
1780,-34.608885,-58.406023,106
1780,-34.608800,-58.404672,107
1780,-34.608722,-58.403525,108
1780,-34.608713,-58.403405,109
1780,-34.608628,-58.401925,110
1780,-34.608542,-58.400552,111
1780,-34.608505,-58.399410,112
1780,-34.608500,-58.399222,113
1780,-34.608392,-58.397740,114
1780,-34.608310,-58.396702,115
1780,-34.608285,-58.396388,116
1780,-34.608177,-58.394930,117
1780,-34.608092,-58.393450,118
1780,-34.608040,-58.392600,119
1780,-34.608005,-58.392033,120
1780,-34.607918,-58.390673,121
1780,-34.607852,-58.389422,122
1780,-34.607852,-58.389278,123
1780,-34.607818,-58.388843,124
1780,-34.607770,-58.388170,125
1780,-34.607750,-58.387733,126
1780,-34.607710,-58.387280,127
1780,-34.607642,-58.386303,128
1780,-34.607577,-58.385382,129
1780,-34.607555,-58.384910,130
1780,-34.607470,-58.383515,131
1780,-34.606845,-58.383547,132
1780,-34.606203,-58.383578,133
1780,-34.605270,-58.383613,134
1780,-34.605067,-58.383622,135
1780,-34.603822,-58.383728,136
1780,-34.603122,-58.383790,137
1780,-34.602598,-58.383837,138
1780,-34.601418,-58.383880,139
1780,-34.600753,-58.383943,140
1780,-34.600408,-58.383922,141
1780,-34.599922,-58.383972,142
1780,-34.599143,-58.384050,143
1780,-34.598242,-58.384093,144
1780,-34.598092,-58.384072,145
1780,-34.596912,-58.384180,146
1780,-34.595942,-58.384272,147
1780,-34.595560,-58.384308,148
1780,-34.595410,-58.382742,149
1780,-34.595410,-58.382462,150
1780,-34.595367,-58.382012,151
1780,-34.595303,-58.381475,152
1780,-34.595248,-58.380347,153
1780,-34.595195,-58.379952,154
1780,-34.595067,-58.378450,155
1780,-34.595025,-58.377742,156
1780,-34.595310,-58.377422,157
1780,-34.595710,-58.376970,158
1780,-34.596012,-58.376520,159
1780,-34.596182,-58.376025,160
1780,-34.596205,-58.375832,161
1780,-34.596097,-58.375532,162
1780,-34.595990,-58.375360,163
1780,-34.595603,-58.375017,164
1780,-34.595088,-58.374717,165
1780,-34.594495,-58.374458,166
1780,-34.593627,-58.373918,167
1780,-34.593495,-58.373815,168
1780,-34.592180,-58.372752,169
1780,-34.592097,-58.372715,170
1780,-34.591925,-58.372620,171
1780,-34.591887,-58.372605,172
1780,-34.591762,-58.372580,173
1780,-34.591718,-58.372587,174
1780,-34.591602,-58.372597,175
1780,-34.591547,-58.372620,176
1780,-34.591518,-58.372637,177
1780,-34.591497,-58.372655,178
1780,-34.591088,-58.373465,179
1780,-34.591043,-58.373525,180
1780,-34.591022,-58.373545,181
1780,-34.590990,-58.373565,182
1780,-34.590957,-58.373577,183
1780,-34.590940,-58.373578,184
1780,-34.590927,-58.373575,185
1780,-34.590882,-58.373545,186
1780,-34.590238,-58.373015,187
1780,-34.589373,-58.372332,188
1780,-34.589345,-58.372263,189
1780,-34.589343,-58.372213,190
1440,-34.640107,-58.364090,1
1440,-34.640235,-58.364760,2
1440,-34.641137,-58.364267,3
1440,-34.641892,-58.363840,4
1440,-34.642123,-58.363708,5
1440,-34.642007,-58.363388,6
1440,-34.641673,-58.362465,7
1440,-34.641175,-58.361590,8
1440,-34.640880,-58.361070,9
1440,-34.640557,-58.361477,10
1440,-34.640192,-58.361650,11
1440,-34.639742,-58.361607,12
1440,-34.639485,-58.361563,13
1440,-34.639248,-58.361412,14
1440,-34.639102,-58.360925,15
1440,-34.638970,-58.360340,16
1440,-34.638970,-58.358473,17
1440,-34.638820,-58.358045,18
1440,-34.638468,-58.357270,19
1440,-34.638412,-58.357142,20
1440,-34.638197,-58.357035,21
1440,-34.637960,-58.357228,22
1440,-34.637767,-58.357400,23
1440,-34.636867,-58.357915,24
1440,-34.636115,-58.358387,25
1440,-34.635542,-58.358720,26
1440,-34.635382,-58.358797,27
1440,-34.635310,-58.358905,28
1440,-34.634485,-58.359392,29
1440,-34.634252,-58.359533,30
1440,-34.634187,-58.359557,31
1440,-34.634148,-58.359570,32
1440,-34.634112,-58.359577,33
1440,-34.634070,-58.359582,34
1440,-34.634027,-58.359585,35
1440,-34.633992,-58.359582,36
1440,-34.633950,-58.359577,37
1440,-34.633860,-58.359757,38
1440,-34.633658,-58.359870,39
1440,-34.632845,-58.360355,40
1440,-34.632137,-58.360777,41
1440,-34.632022,-58.360877,42
1440,-34.631965,-58.361085,43
1440,-34.631797,-58.361342,44
1440,-34.631567,-58.361577,45
1440,-34.630997,-58.362337,46
1440,-34.630353,-58.363322,47
1440,-34.629992,-58.363910,48
1440,-34.629862,-58.364043,49
1440,-34.629470,-58.364865,50
1440,-34.628897,-58.365467,51
1440,-34.628887,-58.365482,52
1440,-34.628865,-58.365517,53
1440,-34.628855,-58.365532,54
1440,-34.628620,-58.365900,55
1440,-34.628600,-58.365933,56
1440,-34.628362,-58.366360,57
1440,-34.628240,-58.366585,58
1440,-34.627682,-58.367465,59
1440,-34.627618,-58.367572,60
1440,-34.627190,-58.367872,61
1440,-34.627125,-58.368022,62
1440,-34.627147,-58.368150,63
1440,-34.627370,-58.368375,64
1440,-34.627468,-58.368472,65
1440,-34.628305,-58.369438,66
1440,-34.629040,-58.370217,67
1440,-34.629463,-58.370640,68
1440,-34.629185,-58.370662,69
1440,-34.628090,-58.370768,70
1440,-34.626610,-58.370962,71
1440,-34.625712,-58.371037,72
1440,-34.625343,-58.371068,73
1440,-34.624227,-58.371197,74
1440,-34.624292,-58.372678,75
1440,-34.624407,-58.373862,76
1440,-34.624422,-58.374008,77
1440,-34.623240,-58.374073,78
1440,-34.622653,-58.374102,79
1440,-34.621932,-58.374137,80
1440,-34.621867,-58.372850,81
1440,-34.621825,-58.371347,82
1440,-34.621800,-58.370982,83
1440,-34.621717,-58.369760,84
1440,-34.621632,-58.368322,85
1440,-34.620978,-58.368397,86
1440,-34.620558,-58.368452,87
1440,-34.620387,-58.368472,88
1440,-34.619400,-58.368495,89
1440,-34.619325,-58.368552,90
1440,-34.618285,-58.368602,91
1440,-34.617833,-58.368687,92
1440,-34.617102,-58.368918,93
1440,-34.616470,-58.369012,94
1440,-34.615812,-58.369110,95
1440,-34.614955,-58.369172,96
1440,-34.614795,-58.369175,97
1440,-34.613590,-58.369227,98
1440,-34.612315,-58.369322,99
1440,-34.611170,-58.369377,100
1440,-34.610530,-58.369392,101
1440,-34.609943,-58.369405,102
1440,-34.609563,-58.369418,103
1440,-34.609512,-58.369415,104
1440,-34.609452,-58.369397,105
1440,-34.609405,-58.369372,106
1440,-34.609350,-58.369330,107
1440,-34.609280,-58.369257,108
1440,-34.609167,-58.369122,109
1440,-34.609043,-58.368933,110
1440,-34.608948,-58.368823,111
1440,-34.608852,-58.368722,112
1440,-34.608767,-58.368655,113
1440,-34.608698,-58.368605,114
1440,-34.608585,-58.368533,115
1440,-34.608465,-58.368467,116
1440,-34.608342,-58.368423,117
1440,-34.608192,-58.368385,118
1440,-34.608060,-58.368360,119
1440,-34.607802,-58.368348,120
1440,-34.607642,-58.368358,121
1440,-34.607323,-58.368343,122
1440,-34.607120,-58.368422,123
1440,-34.607002,-58.368490,124
1440,-34.606907,-58.368552,125
1440,-34.606843,-58.368602,126
1440,-34.606628,-58.368812,127
1440,-34.606522,-58.368940,128
1440,-34.606437,-58.369077,129
1440,-34.606315,-58.369398,130
1440,-34.606277,-58.369575,131
1440,-34.606260,-58.369712,132
1440,-34.606298,-58.369842,133
1440,-34.606347,-58.369963,134
1440,-34.606417,-58.370060,135
1440,-34.606492,-58.370142,136
1440,-34.606587,-58.370222,137
1440,-34.607117,-58.370285,138
1440,-34.607200,-58.370350,139
1440,-34.607267,-58.370420,140
1440,-34.607303,-58.370505,141
1440,-34.607373,-58.370677,142
1440,-34.607400,-58.370730,143
1440,-34.607482,-58.370820,144
1440,-34.607622,-58.370942,145
1440,-34.607703,-58.371022,146
1440,-34.607767,-58.371092,147
1440,-34.607797,-58.371138,148
1440,-34.607820,-58.371180,149
1440,-34.607837,-58.371230,150
1440,-34.607848,-58.371285,151
1440,-34.607897,-58.371887,152
1440,-34.607920,-58.372163,153
1440,-34.607963,-58.373515,154
1440,-34.607898,-58.373580,155
1440,-34.607590,-58.374198,156
1440,-34.607170,-58.375038,157
1440,-34.606868,-58.375575,158
1440,-34.606397,-58.376520,159
1440,-34.605925,-58.377398,160
1440,-34.605645,-58.377957,161
1440,-34.605487,-58.378250,162
1440,-34.604845,-58.379437,163
1440,-34.604900,-58.380317,164
1440,-34.604940,-58.380892,165
1440,-34.604967,-58.381300,166
1440,-34.604972,-58.381492,167
1440,-34.604990,-58.381640,168
1440,-34.604998,-58.381807,169
1440,-34.605032,-58.382148,170
1440,-34.605120,-58.383392,171
1440,-34.605137,-58.383618,172
1440,-34.603822,-58.383728,173
1440,-34.603542,-58.383753,174
1440,-34.602598,-58.383837,175
1440,-34.601467,-58.383910,176
1440,-34.601485,-58.384103,177
1440,-34.601630,-58.384602,178
1440,-34.601573,-58.385115,179
1440,-34.601588,-58.385270,180
1440,-34.601633,-58.386690,181
1440,-34.601697,-58.388042,182
1440,-34.601432,-58.388052,183
1440,-34.600688,-58.388085,184
1440,-34.599315,-58.388150,185
1440,-34.599357,-58.389130,186
1440,-34.599378,-58.389652,187
1440,-34.599445,-58.390167,188
1440,-34.599552,-58.391562,189
1440,-34.599600,-58.392383,190
1440,-34.599658,-58.392935,191
1440,-34.599723,-58.394393,192
1440,-34.599723,-58.395810,193
1440,-34.599722,-58.396892,194
1440,-34.599767,-58.397225,195
1440,-34.599767,-58.398770,196
1440,-34.599637,-58.399930,197
1440,-34.599522,-58.400825,198
1440,-34.599487,-58.401088,199
1440,-34.599378,-58.402010,200
1440,-34.599122,-58.402505,201
1440,-34.598822,-58.403083,202
1440,-34.598478,-58.403748,203
1440,-34.598050,-58.404500,204
1440,-34.598028,-58.404737,205
1440,-34.598037,-58.405105,206
1440,-34.598050,-58.405595,207
1440,-34.598028,-58.406625,208
1440,-34.598058,-58.407692,209
1440,-34.598072,-58.408170,210
1440,-34.598092,-58.409413,211
1440,-34.598092,-58.410315,212
1440,-34.598057,-58.411197,213
1440,-34.598028,-58.411945,214
1440,-34.596870,-58.411752,215
1440,-34.596485,-58.411672,216
1440,-34.596247,-58.411623,217
1440,-34.595410,-58.411152,218
1440,-34.595067,-58.410980,219
1440,-34.594890,-58.410877,220
1440,-34.593952,-58.410337,221
1440,-34.593737,-58.410230,222
1440,-34.592932,-58.409808,223
1440,-34.592792,-58.409735,224
1440,-34.591698,-58.409070,225
1440,-34.590882,-58.407955,226
1440,-34.590217,-58.408642,227
1440,-34.590192,-58.408672,228
1440,-34.590002,-58.408898,229
1440,-34.589530,-58.409522,230
1440,-34.589058,-58.410078,231
1440,-34.588393,-58.411045,232
1440,-34.588237,-58.411300,233
1440,-34.588093,-58.411538,234
1440,-34.587642,-58.412203,235
1440,-34.587557,-58.412353,236
1440,-34.586998,-58.413168,237
1440,-34.586398,-58.414070,238
1440,-34.586183,-58.414388,239
1440,-34.585775,-58.414992,240
1440,-34.585175,-58.415937,241
1440,-34.584780,-58.416522,242
1440,-34.584638,-58.416730,243
1440,-34.584402,-58.417138,244
1440,-34.583587,-58.418318,245
1440,-34.582747,-58.419550,246
1440,-34.582385,-58.420078,247
1440,-34.582042,-58.420507,248
1440,-34.581892,-58.420528,249
1440,-34.581827,-58.420443,250
1440,-34.581655,-58.420250,251
1440,-34.581548,-58.420207,252
1440,-34.581335,-58.420207,253
1440,-34.581055,-58.420315,254
1440,-34.580820,-58.420485,255
1440,-34.580690,-58.420937,256
1440,-34.580690,-58.421345,257
1440,-34.580730,-58.421445,258
1440,-34.580737,-58.421570,259
1440,-34.580732,-58.421725,260
1440,-34.580712,-58.421808,261
1440,-34.580647,-58.421925,262
1440,-34.580477,-58.422188,263
1440,-34.580457,-58.422280,264
1440,-34.580405,-58.422412,265
1440,-34.580355,-58.422532,266
1440,-34.579750,-58.423500,267
1440,-34.579425,-58.424013,268
1440,-34.579220,-58.424320,269
1440,-34.578775,-58.425093,270
1440,-34.578722,-58.425160,271
1440,-34.578657,-58.425200,272
1440,-34.578615,-58.425232,273
1440,-34.578360,-58.425680,274
1440,-34.578202,-58.425950,275
1440,-34.578105,-58.426197,276
1440,-34.577927,-58.426628,277
1440,-34.577640,-58.427500,278
1440,-34.577485,-58.427978,279
1440,-34.577380,-58.428293,280
1440,-34.577365,-58.428370,281
1440,-34.576805,-58.429087,282
1440,-34.576785,-58.429112,283
1440,-34.575947,-58.430000,284
1440,-34.575712,-58.430250,285
1440,-34.574810,-58.431300,286
1440,-34.574403,-58.431708,287
1440,-34.574125,-58.431987,288
1440,-34.573610,-58.432523,289
1440,-34.573192,-58.432922,290
1440,-34.572708,-58.433382,291
1440,-34.572580,-58.433510,292
1440,-34.571978,-58.434090,293
1440,-34.571820,-58.434242,294
1440,-34.571098,-58.434927,295
1440,-34.570240,-58.435720,296
1440,-34.569445,-58.436442,297
1440,-34.569317,-58.436557,298
1440,-34.568782,-58.437008,299
1440,-34.568287,-58.437373,300
1440,-34.567820,-58.437720,301
1440,-34.567300,-58.438102,302
1440,-34.566207,-58.439325,303
1440,-34.566120,-58.439433,304
1440,-34.565762,-58.439873,305
1440,-34.565370,-58.440355,306
1440,-34.564597,-58.441257,307
1440,-34.563652,-58.442608,308
1440,-34.563025,-58.443400,309
1440,-34.562837,-58.443638,310
1440,-34.562043,-58.444605,311
1440,-34.561722,-58.444218,312
1440,-34.561635,-58.444197,313
1440,-34.561442,-58.444175,314
1440,-34.561207,-58.444777,315
1440,-34.560435,-58.446407,316
1440,-34.560370,-58.446707,317
1440,-34.559855,-58.448187,318
1440,-34.559277,-58.449157,319
1440,-34.559125,-58.449410,320
1440,-34.558417,-58.450612,321
1440,-34.558760,-58.451148,322
1440,-34.558048,-58.451782,323
1440,-34.557795,-58.452007,324
1440,-34.557130,-58.450892,325
1440,-34.556637,-58.450018,326
1440,-34.556465,-58.449712,327
1440,-34.555713,-58.448510,328
1440,-34.555245,-58.448913,329
1440,-34.554790,-58.449303,330
1440,-34.553868,-58.450118,331
1440,-34.553117,-58.450750,332
1440,-34.552925,-58.450912,333
1440,-34.552452,-58.451257,334
1440,-34.552108,-58.451622,335
1440,-34.551315,-58.452307,336
1440,-34.550632,-58.452900,337
1440,-34.550500,-58.453015,338
1440,-34.550198,-58.453252,339
1440,-34.549470,-58.454045,340
1440,-34.549340,-58.454195,341
1440,-34.549147,-58.454432,342
1440,-34.548868,-58.454732,343
1440,-34.548632,-58.455032,344
1440,-34.548568,-58.455140,345
1440,-34.548440,-58.455333,346
1440,-34.548032,-58.455762,347
1440,-34.547323,-58.456557,348
1440,-34.546702,-58.457372,349
1440,-34.546307,-58.457843,350
1440,-34.546037,-58.458165,351
1440,-34.545372,-58.458982,352
1440,-34.544705,-58.459797,353
1440,-34.543933,-58.460677,354
1440,-34.543488,-58.461137,355
1440,-34.543312,-58.461320,356
1440,-34.542688,-58.462028,357
1440,-34.542088,-58.462628,358
1440,-34.541770,-58.462947,359
1440,-34.541530,-58.463187,360
1440,-34.541337,-58.463380,361
1440,-34.540693,-58.463830,362
1440,-34.539857,-58.464388,363
1440,-34.539272,-58.464727,364
1440,-34.539042,-58.464860,365
1440,-34.538290,-58.465312,366
1440,-34.537475,-58.465805,367
1440,-34.537112,-58.466030,368
1440,-34.536680,-58.466298,369
1440,-34.536102,-58.466662,370
1440,-34.535865,-58.466813,371
1440,-34.534728,-58.467457,372
1440,-34.534470,-58.467607,373
1440,-34.533892,-58.467907,374
1440,-34.532862,-58.468057,375
1440,-34.532760,-58.468077,376
1440,-34.532153,-58.468187,377
1440,-34.531682,-58.468315,378
1440,-34.531402,-58.468422,379
1440,-34.531168,-58.468515,380
1440,-34.531088,-58.468547,381
1440,-34.530565,-58.468830,382
1440,-34.530007,-58.469110,383
1440,-34.529815,-58.469280,384
1440,-34.529492,-58.469602,385
1440,-34.529107,-58.470097,386
1440,-34.528935,-58.470397,387
1440,-34.528827,-58.470503,388
1440,-34.528797,-58.470517,389
1440,-34.528635,-58.470590,390
1440,-34.527605,-58.471040,391
1440,-34.526617,-58.471490,392
1440,-34.526008,-58.471780,393
1440,-34.525758,-58.471898,394
1440,-34.525030,-58.472220,395
1440,-34.524077,-58.472625,396
1440,-34.523870,-58.472713,397
1440,-34.522660,-58.473255,398
1440,-34.522432,-58.473357,399
1440,-34.521488,-58.473743,400
1440,-34.520502,-58.474152,401
1440,-34.519862,-58.474455,402
1440,-34.519600,-58.474580,403
1440,-34.518548,-58.475095,404
1440,-34.516832,-58.475782,405
1440,-34.516745,-58.475830,406
1440,-34.516553,-58.475932,407
1440,-34.515257,-58.476440,408
1440,-34.515072,-58.476512,409
1440,-34.513995,-58.476982,410
1440,-34.513742,-58.477092,411
1440,-34.513205,-58.477348,412
1440,-34.511553,-58.478035,413
1440,-34.511082,-58.478207,414
1440,-34.510077,-58.478675,415
578,-34.619337,-58.367495,1
578,-34.619315,-58.367142,2
578,-34.619228,-58.366327,3
578,-34.618070,-58.366455,4
578,-34.618027,-58.365920,5
578,-34.618092,-58.365897,6
578,-34.618133,-58.365833,7
578,-34.618133,-58.365747,8
578,-34.618092,-58.365597,9
578,-34.617983,-58.365555,10
578,-34.617877,-58.365640,11
578,-34.617855,-58.365768,12
578,-34.616717,-58.365877,13
578,-34.615610,-58.365980,14
578,-34.615580,-58.365983,15
578,-34.614253,-58.366135,16
578,-34.613805,-58.366185,17
578,-34.612555,-58.366327,18
578,-34.612212,-58.366305,19
578,-34.612190,-58.366155,20
578,-34.612147,-58.366070,21
578,-34.612082,-58.366027,22
578,-34.611997,-58.366112,23
578,-34.611975,-58.366262,24
578,-34.611997,-58.366392,25
578,-34.612105,-58.366498,26
578,-34.612115,-58.366642,27
578,-34.612147,-58.367142,28
578,-34.612255,-58.367957,29
578,-34.611440,-58.368043,30
578,-34.611138,-58.368193,31
578,-34.611162,-58.369095,32
578,-34.611170,-58.369377,33
578,-34.609943,-58.369405,34
578,-34.609563,-58.369418,35
578,-34.609472,-58.369407,36
578,-34.609392,-58.369357,37
578,-34.609362,-58.369318,38
578,-34.609282,-58.369240,39
578,-34.609227,-58.369185,40
578,-34.609175,-58.369135,41
578,-34.609100,-58.369020,42
578,-34.609032,-58.368917,43
578,-34.608927,-58.368810,44
578,-34.608837,-58.368713,45
578,-34.608752,-58.368647,46
578,-34.608685,-58.368595,47
578,-34.608592,-58.368538,48
578,-34.608502,-58.368483,49
578,-34.608407,-58.368448,50
578,-34.608290,-58.368407,51
578,-34.608082,-58.368365,52
578,-34.607770,-58.368350,53
578,-34.607520,-58.368372,54
578,-34.607448,-58.368388,55
578,-34.607370,-58.368335,56
578,-34.607110,-58.368423,57
578,-34.606877,-58.368565,58
578,-34.606803,-58.368633,59
578,-34.606715,-58.368725,60
578,-34.606638,-58.368798,61
578,-34.606585,-58.368848,62
578,-34.606510,-58.368947,63
578,-34.606418,-58.369115,64
578,-34.606280,-58.369555,65
578,-34.606273,-58.369690,66
578,-34.606298,-58.369867,67
578,-34.606392,-58.370032,68
578,-34.606547,-58.370227,69
578,-34.607107,-58.370280,70
578,-34.607258,-58.370420,71
578,-34.607402,-58.370728,72
578,-34.607598,-58.370940,73
578,-34.607855,-58.371240,74
578,-34.607888,-58.371715,75
578,-34.607920,-58.372163,76
578,-34.607963,-58.373515,77
578,-34.607870,-58.373720,78
578,-34.607267,-58.374855,79
578,-34.607170,-58.375038,80
578,-34.606902,-58.375525,81
578,-34.606397,-58.376520,82
578,-34.605925,-58.377398,83
578,-34.605683,-58.377880,84
578,-34.605645,-58.377957,85
578,-34.604845,-58.379437,86
578,-34.604900,-58.380317,87
578,-34.604940,-58.380892,88
578,-34.604967,-58.381300,89
578,-34.604972,-58.381492,90
578,-34.604990,-58.381640,91
578,-34.604998,-58.381807,92
578,-34.605032,-58.382148,93
578,-34.605137,-58.383618,94
578,-34.604407,-58.383682,95
578,-34.603845,-58.383737,96
578,-34.602598,-58.383837,97
578,-34.601467,-58.383910,98
578,-34.600753,-58.383943,99
578,-34.600408,-58.383922,100
578,-34.600158,-58.383947,101
578,-34.599143,-58.384050,102
578,-34.598242,-58.384093,103
578,-34.598092,-58.384072,104
578,-34.597308,-58.384143,105
578,-34.596912,-58.384180,106
578,-34.595560,-58.384308,107
578,-34.595635,-58.385550,108
578,-34.595647,-58.385725,109
578,-34.595710,-58.387140,110
578,-34.595765,-58.388355,111
578,-34.595780,-58.389500,112
578,-34.595785,-58.389902,113
578,-34.595825,-58.391957,114
578,-34.595832,-58.392410,115
578,-34.595845,-58.393315,116
578,-34.595785,-58.394680,117
578,-34.595712,-58.396072,118
578,-34.595630,-58.396900,119
578,-34.595582,-58.397377,120
578,-34.595432,-58.398535,121
578,-34.595253,-58.399482,122
578,-34.595217,-58.399672,123
578,-34.595152,-58.399908,124
578,-34.594810,-58.401152,125
578,-34.594467,-58.402332,126
578,-34.594210,-58.403185,127
578,-34.594080,-58.403620,128
578,-34.593372,-58.405100,129
578,-34.592700,-58.405972,130
578,-34.592577,-58.406130,131
578,-34.591633,-58.407182,132
578,-34.590882,-58.407955,133
578,-34.590580,-58.408267,134
578,-34.590217,-58.408642,135
578,-34.590002,-58.408898,136
578,-34.589530,-58.409522,137
578,-34.589058,-58.410078,138
578,-34.588895,-58.410315,139
578,-34.588393,-58.411045,140
578,-34.588093,-58.411538,141
578,-34.587642,-58.412203,142
578,-34.587557,-58.412353,143
578,-34.586998,-58.413168,144
578,-34.586543,-58.413852,145
578,-34.586398,-58.414070,146
578,-34.585775,-58.414992,147
578,-34.585175,-58.415937,148
578,-34.584638,-58.416730,149
578,-34.584402,-58.417138,150
578,-34.584085,-58.417600,151
578,-34.583587,-58.418318,152
578,-34.582610,-58.419752,153
578,-34.582385,-58.420078,154
578,-34.582042,-58.420507,155
578,-34.581892,-58.420528,156
578,-34.581827,-58.420443,157
578,-34.581655,-58.420250,158
578,-34.581548,-58.420207,159
578,-34.581335,-58.420207,160
578,-34.581055,-58.420315,161
578,-34.580820,-58.420485,162
578,-34.580707,-58.420880,163
578,-34.580690,-58.420937,164
578,-34.580690,-58.421345,165
578,-34.580730,-58.421445,166
578,-34.580737,-58.421570,167
578,-34.580732,-58.421725,168
578,-34.580712,-58.421808,169
578,-34.580647,-58.421925,170
578,-34.580477,-58.422188,171
578,-34.580457,-58.422280,172
578,-34.580405,-58.422412,173
578,-34.580355,-58.422532,174
578,-34.579943,-58.423172,175
578,-34.579712,-58.423400,176
578,-34.579285,-58.424377,177
578,-34.578612,-58.425292,178
578,-34.578307,-58.425720,179
578,-34.578125,-58.426575,180
578,-34.577880,-58.427307,181
578,-34.577575,-58.427978,182
578,-34.577392,-58.428588,183
578,-34.578305,-58.429610,184
578,-34.578490,-58.429810,185
578,-34.579315,-58.430805,186
578,-34.579407,-58.430907,187
578,-34.580322,-58.431885,188
578,-34.580810,-58.432495,189
578,-34.581278,-58.433048,190
578,-34.581603,-58.433410,191
578,-34.582702,-58.434508,192
578,-34.583240,-58.435278,193
578,-34.583312,-58.435425,194
578,-34.584105,-58.436278,195
578,-34.584815,-58.437070,196
578,-34.584917,-58.437180,197
578,-34.585712,-58.438125,198
578,-34.584938,-58.439175,199
578,-34.584145,-58.440227,200
578,-34.585005,-58.441188,201
578,-34.585240,-58.441450,202
578,-34.585987,-58.442328,203
578,-34.586097,-58.442458,204
578,-34.586805,-58.443382,205
578,-34.587378,-58.444133,206
578,-34.587492,-58.444282,207
578,-34.588137,-58.445120,208
578,-34.588520,-58.445773,209
578,-34.588652,-58.446000,210
578,-34.589562,-58.446268,211
578,-34.589810,-58.446342,212
578,-34.590818,-58.446642,213
578,-34.590990,-58.446793,214
578,-34.591698,-58.447608,215
578,-34.592063,-58.448017,216
578,-34.592620,-58.448638,217
578,-34.591870,-58.449453,218
578,-34.591140,-58.450227,219
578,-34.590093,-58.451350,220
578,-34.589660,-58.451815,221
578,-34.588845,-58.451042,222
578,-34.588672,-58.451020,223
578,-34.588480,-58.451213,224
578,-34.588443,-58.451305,225
578,-34.588393,-58.451427,226
578,-34.588222,-58.451815,227
578,-34.587922,-58.452608,228
578,-34.587525,-58.453708,229
578,-34.587450,-58.453917,230
578,-34.587122,-58.454795,231
578,-34.587107,-58.454840,232
578,-34.587085,-58.455075,233
578,-34.587127,-58.455247,234
578,-34.587213,-58.455420,235
578,-34.587150,-58.455677,236
578,-34.586870,-58.456385,237
578,-34.586712,-58.456848,238
578,-34.586548,-58.457328,239
578,-34.586092,-58.458552,240
578,-34.585668,-58.459690,241
578,-34.585625,-58.459882,242
578,-34.585625,-58.460097,243
578,-34.585668,-58.460397,244
578,-34.585702,-58.460525,245
578,-34.585840,-58.461105,246
578,-34.585942,-58.461308,247
578,-34.586033,-58.461513,248
578,-34.586290,-58.461963,249
578,-34.586442,-58.462157,250
578,-34.586933,-58.462722,251
578,-34.587085,-58.462907,252
578,-34.587642,-58.463465,253
578,-34.588200,-58.464060,254
578,-34.588862,-58.464767,255
578,-34.590010,-58.465992,256
578,-34.590197,-58.466190,257
578,-34.590240,-58.466233,258
578,-34.590582,-58.466642,259
578,-34.590497,-58.466985,260
578,-34.590367,-58.467177,261
578,-34.590250,-58.467312,262
578,-34.589960,-58.467672,263
578,-34.589767,-58.467907,264
578,-34.589530,-58.468207,265
578,-34.588973,-58.468895,266
578,-34.588857,-58.469067,267
578,-34.588737,-58.469237,268
578,-34.587922,-58.470225,269
578,-34.587578,-58.470653,270
578,-34.587535,-58.470718,271
578,-34.587363,-58.470868,272
578,-34.586785,-58.471168,273
578,-34.586610,-58.471260,274
578,-34.585003,-58.472113,275
578,-34.584317,-58.472477,276
578,-34.583328,-58.472992,277
578,-34.583977,-58.473545,278
578,-34.584210,-58.473743,279
578,-34.585325,-58.474710,280
578,-34.586202,-58.475847,281
578,-34.586333,-58.476018,282
578,-34.586977,-58.476877,283
578,-34.587707,-58.477820,284
578,-34.588252,-58.478515,285
578,-34.588330,-58.478615,286
578,-34.589187,-58.479730,287
578,-34.590220,-58.481057,288
578,-34.590325,-58.481190,289
578,-34.590240,-58.481468,290
578,-34.590067,-58.482027,291
578,-34.589895,-58.482498,292
578,-34.589488,-58.483657,293
578,-34.589317,-58.484130,294
578,-34.589210,-58.484382,295
578,-34.589080,-58.484687,296
578,-34.588715,-58.485073,297
578,-34.588330,-58.485438,298
578,-34.587622,-58.486125,299
578,-34.587277,-58.486447,300
578,-34.587015,-58.486682,301
578,-34.586870,-58.486812,302
578,-34.586205,-58.487455,303
578,-34.585540,-58.488100,304
578,-34.585040,-58.488605,305
578,-34.584832,-58.488828,306
578,-34.584230,-58.489580,307
578,-34.583930,-58.489902,308
578,-34.583587,-58.490287,309
578,-34.583415,-58.490502,310
578,-34.582900,-58.491060,311
578,-34.582278,-58.491790,312
578,-34.581877,-58.492255,313
578,-34.581592,-58.492583,314
578,-34.580862,-58.493463,315
578,-34.580240,-58.494343,316
578,-34.580175,-58.494430,317
578,-34.579445,-58.495352,318
578,-34.578695,-58.496360,319
578,-34.578008,-58.497240,320
578,-34.577385,-58.498055,321
578,-34.576995,-58.498550,322
578,-34.576742,-58.498870,323
578,-34.576077,-58.499665,324
578,-34.575690,-58.500158,325
578,-34.575432,-58.500503,326
578,-34.575305,-58.500673,327
578,-34.574660,-58.501488,328
578,-34.574467,-58.501747,329
578,-34.574060,-58.502282,330
578,-34.573680,-58.502783,331
578,-34.573523,-58.502990,332
578,-34.572793,-58.504192,333
578,-34.572242,-58.505135,334
578,-34.572128,-58.505330,335
578,-34.571377,-58.506660,336
578,-34.570692,-58.507883,337
578,-34.570648,-58.507968,338
578,-34.570515,-58.508210,339
578,-34.570177,-58.508827,340
578,-34.570047,-58.509063,341
578,-34.569832,-58.509407,342
578,-34.569747,-58.509535,343
578,-34.569167,-58.509985,344
578,-34.568148,-58.510722,345
578,-34.568008,-58.510822,346
578,-34.567322,-58.511573,347
578,-34.566635,-58.512325,348
578,-34.565907,-58.513140,349
578,-34.566312,-58.513888,350
578,-34.566313,-58.513892,351
578,-34.566850,-58.514813,352
578,-34.567365,-58.515758,353
578,-34.567767,-58.516442,354
578,-34.567793,-58.516487,355
578,-34.568245,-58.517217,356
578,-34.568675,-58.517968,357
578,-34.568678,-58.517975,358
578,-34.569125,-58.518720,359
578,-34.569522,-58.519492,360
578,-34.569532,-58.519513,361
578,-34.569982,-58.520222,362
578,-34.570412,-58.520930,363
578,-34.570418,-58.520942,364
578,-34.570798,-58.521680,365
578,-34.571248,-58.522410,366
578,-34.571678,-58.523140,367
578,-34.571620,-58.523192,368
578,-34.570970,-58.523762,369
578,-34.570628,-58.524058,370
578,-34.570327,-58.524320,371
578,-34.569297,-58.525177,372
578,-34.568623,-58.525750,373
578,-34.568287,-58.526037,374
578,-34.567540,-58.526692,375
578,-34.567237,-58.526958,376
578,-34.566207,-58.527817,377
578,-34.565490,-58.528442,378
578,-34.565197,-58.528697,379
578,-34.564190,-58.529555,380
578,-34.563865,-58.529847,381
578,-34.563545,-58.530135,382
578,-34.562987,-58.529533,383
578,-34.562408,-58.528890,384
578,-34.562002,-58.528467,385
578,-34.561850,-58.528310,386
578,-34.561315,-58.527710,387
578,-34.560840,-58.527180,388
578,-34.560757,-58.527087,389
578,-34.560520,-58.526852,390
578,-34.559897,-58.526187,391
578,-34.559772,-58.526050,392
578,-34.559662,-58.525928,393
578,-34.559103,-58.525285,394
578,-34.558782,-58.524963,395
578,-34.558645,-58.524800,396
578,-34.558567,-58.524705,397
578,-34.558182,-58.524277,398
578,-34.557902,-58.523997,399
578,-34.557473,-58.523505,400
578,-34.557152,-58.523160,401
578,-34.556865,-58.522845,402
578,-34.556743,-58.522710,403
578,-34.555800,-58.523505,404
578,-34.556357,-58.524470,405
578,-34.556507,-58.525157,406
578,-34.556378,-58.525607,407
578,-34.555813,-58.526215,408
578,-34.555520,-58.526530,409
578,-34.554920,-58.527087,410
578,-34.554487,-58.527617,411
578,-34.554255,-58.527903,412
578,-34.553718,-58.528740,413
578,-34.553487,-58.529320,414
578,-34.553288,-58.529812,415
578,-34.553138,-58.530607,416
578,-34.553160,-58.531293,417
578,-34.552152,-58.530715,418
578,-34.551337,-58.530247,419
578,-34.551143,-58.530135,420
578,-34.550198,-58.529598,421
578,-34.551078,-58.528805,422
578,-34.550602,-58.527962,423
578,-34.550520,-58.527817,424
578,-34.549365,-58.528762,425
578,-34.549105,-58.528975,426
578,-34.548225,-58.530135,427
578,-34.547420,-58.531173,428
578,-34.547345,-58.531272,429
578,-34.547217,-58.531422,430
578,-34.546958,-58.531765,431
578,-34.546282,-58.532667,432
578,-34.546122,-58.532882,433
578,-34.546037,-58.533010,434
578,-34.545413,-58.533847,435
578,-34.544810,-58.534642,436
578,-34.544598,-58.534920,437
578,-34.544598,-58.534920,438
578,-34.545247,-58.535643,439
578,-34.545328,-58.535735,440
578,-34.545907,-58.536400,441
578,-34.546487,-58.537022,442
578,-34.547110,-58.537710,443
578,-34.547732,-58.538375,444
578,-34.547023,-58.539275,445
578,-34.546465,-58.539940,446
578,-34.545822,-58.539340,447
578,-34.545220,-58.538740,448
578,-34.544598,-58.538138,449
578,-34.544212,-58.537837,450
578,-34.543290,-58.538847,451
578,-34.543053,-58.539147,452
578,-34.542753,-58.539468,453
578,-34.542110,-58.540220,454
578,-34.541888,-58.540465,455
578,-34.541552,-58.540842,456
578,-34.541103,-58.541343,457
578,-34.541015,-58.541442,458
578,-34.540822,-58.541635,459
578,-34.539900,-58.542645,460
578,-34.539813,-58.542730,461
578,-34.539420,-58.543192,462
578,-34.539148,-58.543545,463
578,-34.538847,-58.543890,464
578,-34.537753,-58.545133,465
578,-34.537110,-58.545842,466
578,-34.536983,-58.545993,467
578,-34.536680,-58.546357,468
578,-34.536145,-58.546957,469
578,-34.535800,-58.547343,470
578,-34.535587,-58.547602,471
578,-34.535352,-58.547845,472
578,-34.535050,-58.548223,473
578,-34.534513,-58.548825,474
578,-34.533977,-58.549490,475
578,-34.533740,-58.549768,476
578,-34.533440,-58.550112,477
578,-34.533208,-58.550320,478
578,-34.532905,-58.550692,479
578,-34.532390,-58.551313,480
578,-34.531938,-58.551850,481
578,-34.531080,-58.552815,482
578,-34.530537,-58.553410,483
578,-34.530222,-58.553823,484
578,-34.529363,-58.554810,485
578,-34.528810,-58.555458,486
578,-34.528677,-58.555627,487
578,-34.528527,-58.555798,488
578,-34.527990,-58.556398,489
578,-34.527785,-58.556660,490
578,-34.527518,-58.557000,491
578,-34.527368,-58.557172,492
578,-34.526725,-58.557900,493
578,-34.526380,-58.558308,494
578,-34.526060,-58.558695,495
578,-34.526032,-58.558727,496
578,-34.525737,-58.559060,497
578,-34.525415,-58.559445,498
578,-34.524813,-58.560112,499
578,-34.524750,-58.560197,500
578,-34.524107,-58.560947,501
578,-34.523913,-58.561183,502
578,-34.523505,-58.561698,503
578,-34.523227,-58.562020,504
578,-34.522797,-58.562492,505
578,-34.523405,-58.563202,506
578,-34.523442,-58.563243,507
578,-34.524063,-58.564017,508
578,-34.524685,-58.564810,509
578,-34.525265,-58.565540,510
578,-34.525458,-58.565775,511
578,-34.525737,-58.566140,512
578,-34.525995,-58.566442,513
578,-34.526100,-58.566592,514
578,-34.526187,-58.566720,515
578,-34.526317,-58.566870,516
578,-34.526638,-58.567257,517
578,-34.526702,-58.567320,518
578,-34.526938,-58.567622,519
578,-34.527240,-58.568028,520
578,-34.527180,-58.568102,521
578,-34.526725,-58.568672,522
578,-34.526360,-58.569115,523
1418,-34.487800,-58.582170,447
1418,-34.487778,-58.583307,448
1418,-34.487885,-58.584572,449
1418,-34.487885,-58.585045,450
1418,-34.487950,-58.585473,451
1418,-34.487695,-58.588968,452
1418,-34.487250,-58.592420,453
1418,-34.486743,-58.599182,454
1418,-34.486520,-58.603980,455
1418,-34.486048,-58.607915,456
1418,-34.485772,-58.609550,457
1418,-34.485417,-58.612140,458
1418,-34.485087,-58.613167,459
1418,-34.484990,-58.614098,460
1418,-34.484937,-58.614558,461
1418,-34.484925,-58.614635,462
1418,-34.484838,-58.615065,463
1418,-34.484797,-58.615365,464
1418,-34.484625,-58.616447,465
1418,-34.484602,-58.616587,466
1418,-34.484560,-58.616973,467
1418,-34.484345,-58.618347,468
1418,-34.484217,-58.619270,469
1418,-34.484173,-58.619505,470
1418,-34.484020,-58.620688,471
1418,-34.483960,-58.621180,472
1418,-34.483893,-58.621737,473
1418,-34.483615,-58.623540,474
1418,-34.483552,-58.623947,475
1418,-34.483272,-58.625150,476
1418,-34.483037,-58.626565,477
1418,-34.483015,-58.626952,478
1418,-34.483015,-58.627037,479
1418,-34.482955,-58.627845,480
1418,-34.482930,-58.628197,481
1418,-34.482843,-58.628775,482
1418,-34.482693,-58.629785,483
1418,-34.482522,-58.630685,484
1418,-34.482307,-58.631780,485
1418,-34.482092,-58.632938,486
1418,-34.481762,-58.634090,487
1418,-34.481535,-58.634892,488
1418,-34.481470,-58.635192,489
1418,-34.481362,-58.636157,490
1418,-34.481255,-58.636822,491
1418,-34.480852,-58.638912,492
1418,-34.480505,-58.640707,493
1418,-34.480253,-58.642157,494
1418,-34.480097,-58.643067,495
1418,-34.479667,-58.644225,496
1418,-34.479503,-58.644778,497
1418,-34.479410,-58.645105,498
1418,-34.479302,-58.645942,499
1418,-34.479238,-58.646435,500
1418,-34.479132,-58.646885,501
1418,-34.479118,-58.646932,502
1418,-34.478980,-58.647443,503
1418,-34.478810,-58.648173,504
1418,-34.478595,-58.648925,505
1418,-34.478272,-58.649718,506
1418,-34.477972,-58.650898,507
1418,-34.477965,-58.650990,508
1418,-34.477908,-58.651435,509
1418,-34.477650,-58.652808,510
1418,-34.477387,-58.653812,511
1418,-34.477222,-58.654438,512
1418,-34.477135,-58.654740,513
1418,-34.476750,-58.655940,514
1418,-34.476620,-58.656397,515
1418,-34.476487,-58.656860,516
1418,-34.476320,-58.657465,517
1418,-34.476212,-58.658430,518
1418,-34.475870,-58.659760,519
1418,-34.475812,-58.659980,520
1418,-34.475720,-58.660362,521
1418,-34.475385,-58.661577,522
1418,-34.475247,-58.662077,523
1418,-34.475205,-58.662185,524
1418,-34.474775,-58.663708,525
1418,-34.474682,-58.664020,526
1418,-34.474603,-58.664288,527
1418,-34.474153,-58.665682,528
1418,-34.473788,-58.666885,529
1418,-34.473647,-58.667338,530
1418,-34.473102,-58.669095,531
1418,-34.473090,-58.669188,532
1418,-34.473015,-58.669673,533
1418,-34.472330,-58.672207,534
1418,-34.472135,-58.672892,535
1418,-34.471540,-58.675032,536
1418,-34.471342,-58.675747,537
1418,-34.471325,-58.675795,538
1418,-34.470720,-58.677527,539
1418,-34.470355,-58.678535,540
1418,-34.469968,-58.679372,541
1418,-34.469927,-58.679448,542
1418,-34.469603,-58.680022,543
1418,-34.469205,-58.680647,544
1418,-34.468700,-58.681485,545
1418,-34.468285,-58.682098,546
1418,-34.468010,-58.682488,547
1418,-34.467812,-58.682717,548
1418,-34.467557,-58.683050,549
1418,-34.467342,-58.683320,550
1418,-34.467095,-58.683605,551
1418,-34.467067,-58.683637,552
1418,-34.466800,-58.683930,553
1418,-34.466350,-58.684397,554
1418,-34.465855,-58.684895,555
1418,-34.465455,-58.685220,556
1418,-34.465258,-58.685392,557
1418,-34.464737,-58.685680,558
1418,-34.464510,-58.685805,559
1418,-34.464318,-58.685940,560
1418,-34.464027,-58.686160,561
1418,-34.463245,-58.686880,562
1418,-34.463095,-58.687047,563
1418,-34.462888,-58.687223,564
1418,-34.462752,-58.687337,565
1418,-34.462645,-58.687420,566
1418,-34.462515,-58.687542,567
1418,-34.461937,-58.687990,568
1418,-34.461670,-58.688248,569
1418,-34.461395,-58.688402,570
1418,-34.461302,-58.688472,571
1418,-34.460995,-58.688712,572
1418,-34.460895,-58.688792,573
1418,-34.460742,-58.688912,574
1418,-34.460683,-58.688958,575
1418,-34.460353,-58.689222,576
1418,-34.460218,-58.689310,577
1418,-34.460102,-58.689407,578
1418,-34.459970,-58.689443,579
1418,-34.459752,-58.689558,580
1418,-34.459603,-58.689635,581
1418,-34.459455,-58.689735,582
1418,-34.459082,-58.690032,583
1418,-34.458758,-58.690307,584
1418,-34.458763,-58.690358,585
1418,-34.458392,-58.690637,586
1418,-34.458078,-58.690965,587
1418,-34.457805,-58.691222,588
1418,-34.457540,-58.691445,589
1418,-34.457258,-58.691662,590
1418,-34.456762,-58.692052,591
1418,-34.454442,-58.693837,592
1418,-34.453747,-58.694232,593
1418,-34.453283,-58.694515,594
1418,-34.452680,-58.695118,595
1418,-34.452112,-58.695667,596
1418,-34.451710,-58.695987,597
1418,-34.451127,-58.696457,598
1418,-34.450717,-58.696760,599
1418,-34.449715,-58.697532,600
1418,-34.448982,-58.698112,601
1418,-34.448717,-58.698300,602
1418,-34.447828,-58.698830,603
1418,-34.447627,-58.698960,604
1418,-34.447530,-58.699010,605
1418,-34.447312,-58.699205,606
1418,-34.447067,-58.699407,607
1418,-34.446867,-58.699585,608
1418,-34.446702,-58.699755,609
1418,-34.446360,-58.700112,610
1418,-34.446155,-58.700298,611
1418,-34.446047,-58.700382,612
1418,-34.443082,-58.702685,613
1418,-34.442912,-58.702813,614
1418,-34.442092,-58.703452,615
1418,-34.441420,-58.703977,616
1418,-34.440845,-58.704440,617
1418,-34.440703,-58.704555,618
1418,-34.440538,-58.704672,619
1418,-34.440340,-58.704790,620
1418,-34.440042,-58.704953,621
1418,-34.439727,-58.705167,622
1418,-34.439542,-58.705313,623
1418,-34.439412,-58.705415,624
1418,-34.439290,-58.705507,625
1418,-34.439228,-58.705520,626
1418,-34.439195,-58.705587,627
1418,-34.439127,-58.705645,628
1418,-34.438917,-58.705852,629
1418,-34.438857,-58.705922,630
1418,-34.438580,-58.706250,631
1418,-34.438473,-58.706375,632
1418,-34.438252,-58.706672,633
1418,-34.437890,-58.707070,634
1418,-34.437518,-58.707462,635
1418,-34.436823,-58.708243,636
1418,-34.436595,-58.708513,637
1418,-34.436172,-58.709012,638
1418,-34.435632,-58.709587,639
1418,-34.435422,-58.709800,640
1418,-34.434950,-58.710380,641
1418,-34.433680,-58.711767,642
1418,-34.433577,-58.711882,643
1418,-34.433062,-58.712267,644
1418,-34.432740,-58.712460,645
1418,-34.432525,-58.712567,646
1418,-34.432290,-58.712653,647
1418,-34.431560,-58.712847,648
1418,-34.432203,-58.711258,649
1418,-34.432160,-58.711152,650
1418,-34.431902,-58.711130,651
1418,-34.431860,-58.711280,652
1418,-34.431387,-58.712697,653
1418,-34.431260,-58.712890,654
1418,-34.429822,-58.713105,655
1418,-34.429242,-58.713255,656
1418,-34.427933,-58.713705,657
1418,-34.425787,-58.715357,658
1418,-34.422203,-58.718190,659
1418,-34.420660,-58.719348,660
1418,-34.418985,-58.720657,661
1418,-34.417140,-58.722095,662
1418,-34.416582,-58.722073,663
1418,-34.416238,-58.721837,664
1418,-34.415898,-58.721283,665
1418,-34.415530,-58.721215,666
1418,-34.414972,-58.720077,667
1418,-34.414845,-58.719842,668
1418,-34.413985,-58.718212,669
1418,-34.413620,-58.717503,670
1418,-34.413170,-58.716667,671
1418,-34.412912,-58.716177,672
1418,-34.412785,-58.715937,673
1418,-34.412012,-58.714498,674
1418,-34.411882,-58.714220,675
1418,-34.411432,-58.713405,676
1418,-34.411242,-58.713127,677
1418,-34.411110,-58.712932,678
1418,-34.411367,-58.711882,679
1418,-34.411702,-58.710253,680
1418,-34.411818,-58.709692,681
1418,-34.412162,-58.707868,682
1418,-34.413235,-58.702675,683
1418,-34.413312,-58.702407,684
1418,-34.413320,-58.702375,685
1418,-34.413535,-58.701903,686
1418,-34.413600,-58.701860,687
1418,-34.413620,-58.701797,688
1418,-34.413815,-58.701560,689
1418,-34.413878,-58.701410,690
1418,-34.414393,-58.700980,691
1418,-34.415252,-58.700358,692
1418,-34.416088,-58.699672,693
1418,-34.416742,-58.699162,694
1418,-34.416990,-58.698963,695
1418,-34.416475,-58.698020,696
1418,-34.415960,-58.697010,697
1418,-34.415745,-58.696603,698
1418,-34.415105,-58.695372,699
1418,-34.415012,-58.695177,700
1418,-34.414515,-58.694250,701
1418,-34.414062,-58.693402,702
1418,-34.414007,-58.693298,703
1418,-34.413450,-58.692225,704
1418,-34.412870,-58.691153,705
1418,-34.412423,-58.690307,706
1418,-34.412333,-58.690123,707
1418,-34.411755,-58.689028,708
1418,-34.411732,-58.689007,709
1418,-34.411280,-58.688175,710
1418,-34.411178,-58.688007,711
1418,-34.410612,-58.686947,712
1418,-34.410053,-58.685890,713
1418,-34.409708,-58.685265,714
